,PTRATIO,AGE,LSTAT,NOX,RAD,ZN,RM,TAX,INDUS,CHAS,CRIM,DIS,MEDV
0,17.819236533763675,60.46275299998643,5.697665181991216,0.4310106860067722,5.0,18.0,7.3226840065848915,280.0,2.423363805772499,0.0,0.0058578187780826,4.775247208239947,46.48607794509213
1,23.526050848498443,88.46850669016419,20.754145863719007,0.4678629007954553,28.0,0.0,6.044137810454176,650.0,18.988261854754214,0.0,7.466670559223224,2.8368938060101283,26.729494818427977
2,23.526050848498443,88.37577240642187,17.962518746438167,0.5752150047450975,28.0,0.0,6.688979489513135,650.0,18.988261854754214,0.0,6.5090284134138825,2.188674429478388,27.504262784179517
3,22.36139486589951,56.93885021777862,13.054289101710795,0.3997664169468017,9.0,0.0,6.505216316724312,263.0,6.252488433941166,0.0,0.0903142186291736,3.943840475480127,38.73839828757678
4,14.674665380746552,33.94074784968563,9.850782573683606,0.3236585820571301,6.0,80.0,7.915181024304004,313.0,1.5945943657031163,0.0,0.043247756991351,8.533565243282586,58.68867340567882
5,20.847342088520897,31.34418790490093,11.681357732556288,0.3589085266376096,7.0,0.0,6.328135441127811,217.0,7.249109912505614,0.0,0.1588840656548948,5.954931750833014,37.3825543475116
6,21.42967007982036,80.95702970703704,10.61733592146154,0.4358174966313831,8.0,0.0,7.31377427699513,288.0,10.38584488188214,0.0,0.3422004260867294,4.2058369237757365,46.098693962216366
7,19.682686105921963,26.33653658281617,14.22128076549213,0.3508170620861813,5.0,35.0,6.354864629897095,288.0,6.357395958000581,0.0,0.0465566831049198,7.753296854708807,33.12133053587815
8,17.120442944204314,91.3432694861758,18.065488599124755,0.697788675672674,9.0,0.0,6.358205778493254,387.0,20.540893210833563,0.0,1.992010595170848,1.895154344355766,37.576246338949474
9,22.24492926763962,86.15014959660643,20.51388287411697,0.4654594954831499,6.0,0.0,6.638862260570729,172.0,26.90877992124009,0.0,0.0861896468629603,2.436543618307077,39.7068582447662
10,17.120442944204314,88.74670954139111,33.78555277594389,0.697788675672674,9.0,0.0,5.486165994895388,387.0,20.540893210833563,0.0,2.195402961098454,1.7055455065518133,28.27903074993105
11,21.546135678080255,52.02393317943617,7.471034867149124,0.3597096617417114,7.0,0.0,7.383938397514499,231.0,4.710347830267758,0.0,0.0531559979308611,5.181201598045579,51.52206972247712
12,23.526050848498443,92.73428374231048,28.099328688695632,0.5607945728712649,28.0,0.0,6.147713416935148,650.0,18.988261854754214,0.0,7.407990415735816,1.7899588007219225,23.82411494685972
13,21.662601276340155,57.03158450152093,15.617094324132548,0.3717266883032385,7.0,20.0,6.593199896423203,207.0,7.301563674535322,1.0,0.084020770922974,4.573846195178483,40.09424222764196
14,18.518030123323037,31.71512503987018,3.5581804650587707,0.315647231016112,7.0,90.0,8.301640545259891,228.0,3.934032152228083,0.0,0.0142552615200809,7.397663529615925,85.2244762326689
15,21.662601276340155,92.73428374231048,26.41748776148136,0.3917550659057837,8.0,0.0,5.951699365960405,261.0,11.109706797892107,1.0,0.4038465537655712,4.524225655728556,38.73839828757678
16,20.730876490261007,80.02968686961393,6.292602108624836,0.3917550659057837,6.0,0.0,7.803809404431989,254.0,3.5773465704260703,0.0,0.0524608453859937,3.994978819666168,45.7113099793406
17,19.333289311142288,30.695047918704766,6.098103497994614,0.4085789030919216,9.0,0.0,7.290386236822008,280.0,4.2487547244063295,0.0,0.0617666207866187,3.657092134564789,56.94544548273786
18,23.526050848498443,86.52108673157566,26.589104182625668,0.5375616548523126,28.0,0.0,7.405099005290181,650.0,18.988261854754214,0.0,14.169989474577248,1.5702273766166028,26.92318680986586
19,19.333289311142288,7.233274131900216,5.937928171593255,0.3428858245555734,10.0,30.0,7.119987658417827,284.0,5.171940936129186,0.0,0.118240813531647,8.214242477646003,45.90500197077848
20,20.49794529374122,52.3021360306631,8.21470602544115,0.3877493903852746,9.0,55.0,7.457443666630028,354.0,3.965504409445908,0.0,0.0235703056213042,6.692468098374622,46.29238595365425
21,17.120442944204314,92.73428374231048,30.227372310885123,0.697788675672674,9.0,0.0,6.089800174601701,387.0,20.540893210833563,0.0,3.7977573831196247,1.6483359434213098,30.215950664309887
22,23.526050848498443,34.589887835881804,9.736371626254064,0.4125845786124307,9.0,0.0,6.7480064480453015,208.0,5.444700498683667,0.0,0.0306423241777553,5.61844611625728,39.90055023620408
23,24.690706831097376,90.78686378372196,21.12026089549354,0.4999083049595276,8.0,0.0,6.850468338327554,421.0,22.964257016606066,0.0,0.5046992849749348,1.9482775101198049,34.477174475943336
24,24.45777563457759,90.97233235120656,24.04918114968983,0.4310106860067722,8.0,0.0,6.203399226871156,291.0,8.539472458436427,0.0,1.1602466721860971,4.434208159455867,26.34211083555221
25,18.63449572158293,47.29448470857834,8.454969015043188,0.3500960404924897,8.0,0.0,7.293727385418168,273.0,14.603127349070643,0.0,0.0497914596137028,6.959017960878578,52.49052967966654
26,23.526050848498443,85.87194674537949,19.95326923171221,0.5712093292245884,28.0,0.0,7.516470625162195,650.0,18.988261854754214,0.0,6.22645353827558,2.712900834490548,25.95472685267644
27,20.730876490261007,77.24765835734462,8.649467625673411,0.3909539308016818,7.0,0.0,8.648006283061852,177.0,2.5807250918616225,0.0,0.0610621995411531,3.200232908994058,77.08941259227778
29,21.42967007982036,38.1137906180896,7.928678656867294,0.3781357691360529,11.0,33.0,8.0588504139389,206.0,2.286984024495259,0.0,0.05111688379925,4.6958543451200665,69.92280890907608
30,21.662601276340155,85.40827532666793,19.758770621081982,0.3917550659057837,8.0,0.0,6.637748544372008,261.0,11.109706797892107,1.0,0.1617017506367573,4.526677494148435,42.0311621420208
31,24.341310036317697,90.04498951378345,14.038223249604862,0.4165902541329397,9.0,0.0,7.210198670514158,368.0,8.980084059485971,0.0,0.1186579050585674,2.8405131865347117,38.35101430470101
32,23.526050848498443,92.73428374231048,15.250979292358013,0.5055162506882402,28.0,0.0,4.302285675655884,650.0,18.988261854754214,0.0,12.533322322941425,1.763689103366079,44.74285002215118
33,19.100358114622495,29.67497079753935,7.516799246120941,0.3140449608079084,5.0,80.0,6.802578541782588,299.0,3.818633875762726,0.0,0.0446658681828805,10.765088468003617,42.41854612489657
34,23.526050848498443,74.00195842636374,17.138759924945465,0.4670617656913535,28.0,0.0,6.809260838974909,650.0,18.988261854754214,0.0,5.275512662998761,4.139987549070423,36.99517036463583
35,23.526050848498443,87.63389813648338,24.39241399197845,0.4678629007954553,28.0,0.0,6.685638340916975,650.0,18.988261854754214,0.0,4.098878928154989,2.965907208579936,36.99517036463583
36,19.333289311142288,39.13386773925502,8.432086825557281,0.3428858245555734,10.0,30.0,7.357209208745216,284.0,5.171940936129186,0.0,0.0857540179348434,7.226968873908178,45.13023400502695
37,20.847342088520897,79.28781259967545,21.509258116753987,0.3589085266376096,7.0,0.0,6.715708678282418,217.0,7.249109912505614,0.0,0.2125034986156675,6.642614050503755,32.15287057868873
38,17.70277093550378,76.87672122237538,15.182332723900286,0.4197947945493469,9.0,12.5,6.692320638109296,295.0,8.256222143476004,0.0,0.1088794259274325,7.269934423361291,36.60778638176005
40,23.526050848498443,92.73428374231048,33.23638022828209,0.5439707356851271,28.0,0.0,7.1656500225653526,650.0,18.988261854754214,0.0,16.76207428387884,2.1420894995006923,13.94582338352764
41,17.120442944204314,92.73428374231048,31.80624338541281,0.697788675672674,9.0,0.0,6.827080298154431,387.0,20.540893210833563,0.0,2.2053390081397586,1.6568590007856503,26.729494818427977
42,22.827257258939085,68.90157282053667,13.431845228228289,0.3949596063221909,9.0,0.0,6.357092062294535,271.0,7.742175275584867,0.0,0.263156947385006,5.512083030518732,35.83301841600852
43,24.45777563457759,27.171145136496968,7.528240340863895,0.4310106860067722,8.0,0.0,6.609905639404005,291.0,8.539472458436427,0.0,0.9768561621494768,5.25230491222206,44.74285002215118
44,23.526050848498443,92.73428374231048,24.27800304454891,0.4782776571487788,28.0,0.0,7.414008734879943,650.0,18.988261854754214,0.0,13.02317314955799,1.7834205649355794,33.31502252731603
45,23.526050848498443,65.47040432207118,19.63291857890949,0.4678629007954553,28.0,0.0,6.197830645877555,650.0,18.988261854754214,0.0,8.149152790372849,2.4092231330570004,22.66196299823241
46,18.63449572158293,17.063108208585124,9.816459289454745,0.3500960404924897,8.0,0.0,6.82373914955827,273.0,14.603127349070643,0.0,0.0766058104443883,6.424633939555491,46.29238595365425
47,23.526050848498443,84.2027296380179,29.506583342079004,0.5439707356851271,28.0,0.0,7.553223259719959,650.0,18.988261854754214,0.0,10.04189560213663,2.124342859509189,14.526899357841293
48,23.526050848498443,79.19507831593315,31.325717406208728,0.5551866271425523,28.0,0.0,6.159964295121069,650.0,18.988261854754214,0.0,38.49217208841009,1.8767071791014405,16.46381927222013
49,21.546135678080255,52.67307316563234,9.656283963053385,0.3597096617417114,7.0,0.0,6.81705685236595,231.0,4.710347830267758,0.0,0.0662804779779578,4.375480791589249,42.99962209921022
50,20.730876490261007,78.08226691102541,11.955944006387188,0.4382209019436885,10.0,0.0,6.965181106795727,416.0,10.501243158347496,0.0,0.1319028782134411,2.6345587592649,35.83301841600852
51,17.120442944204314,92.73428374231048,15.19377381864324,0.697788675672674,9.0,0.0,6.018522337883613,387.0,20.540893210833563,0.0,1.386894207914667,1.858260013847115,37.96363032182524
52,24.45777563457759,87.26296100151414,18.648984431015425,0.4310106860067722,8.0,0.0,6.597654761218084,291.0,8.539472458436427,0.0,0.6953935310829622,5.136718243856351,30.215950664309887
53,22.36139486589951,38.48472775305884,10.033840089570877,0.3997664169468017,9.0,0.0,6.515239762512793,263.0,6.252488433941166,0.0,0.0742793665942321,4.593344148327042,40.67531820195562
54,21.779066874600044,33.94074784968563,10.411396216088365,0.3500960404924897,9.0,0.0,6.541968951282076,382.0,13.459635336823014,0.0,0.0777365919173727,5.256975080640878,39.319474261890434
55,25.622431617176524,18.083185329750545,6.372689771825516,0.3308687979940463,8.0,80.0,6.611019355602725,318.0,2.0037337095348366,0.0,0.098795079676556,12.359250457766652,39.90055023620408
56,24.690706831097376,87.81936670396802,20.98296775857809,0.4999083049595276,8.0,0.0,6.278018212185404,421.0,22.964257016606066,0.0,0.8168042402192046,2.311616613103734,27.6979547756174
57,23.526050848498443,69.45797852299054,8.855407331046587,0.4262038753821614,28.0,0.0,7.517584341360916,650.0,18.988261854754214,0.0,5.290741138081656,3.889900030242796,45.90500197077848
58,22.36139486589951,28.00575369017776,11.589828974612654,0.3997664169468017,9.0,0.0,6.644430841564329,263.0,6.252488433941166,0.0,0.162248603972053,4.491884739428252,47.84192188515732
59,21.42967007982036,48.96370181593992,6.84177465628664,0.4358174966313831,8.0,0.0,6.81817056856467,288.0,10.38584488188214,0.0,0.732607363984864,3.0826614190503503,42.80593010777234
60,20.847342088520897,37.09371349692419,10.926245479521308,0.3589085266376096,7.0,0.0,6.759143610032503,217.0,7.249109912505614,0.0,0.1137176876397097,6.679391626801936,41.06270218483139
61,21.662601276340155,20.679745274535232,12.436469985591266,0.3917550659057837,8.0,0.0,6.560902126660319,261.0,11.109706797892107,0.0,0.1264436135610824,4.606420619899728,43.77439006496176
62,24.45777563457759,87.54116385274108,14.644601270981438,0.4310106860067722,8.0,0.0,7.233586710687281,291.0,8.539472458436427,0.0,0.7164612875427437,5.2010498138255485,35.63932642457063
63,23.526050848498443,90.13772379752578,22.33301693824669,0.5928399770353372,28.0,0.0,7.134465969001188,650.0,18.988261854754214,0.0,9.013051298331671,2.411091200424527,33.12133053587815
64,21.42967007982036,77.1549240736023,20.97152666383513,0.4358174966313831,8.0,0.0,6.5865175992308815,288.0,10.38584488188214,0.0,0.2949949339399333,4.668533859869989,34.477174475943336
65,24.45777563457759,92.73428374231048,14.919187544812338,0.4310106860067722,8.0,0.0,6.762484758628664,291.0,8.539472458436427,0.0,1.2556494074437,4.874488287139799,28.085338758493165
66,20.49794529374122,29.76770508128166,8.226147120184104,0.3581073915335078,8.0,40.0,7.219108400103919,238.0,6.724572292208537,0.0,0.0739456933726957,4.833974576106566,56.36436950842422
67,24.45777563457759,84.38819820550252,6.452777435026195,0.4590504146503354,5.0,0.0,7.769284202271666,257.0,12.515467620288277,0.0,0.0563166248348582,2.5306475119462317,46.29238595365425
68,22.24492926763962,32.36426502606635,10.480042784546091,0.3452892298678788,11.0,22.0,6.802578541782588,314.0,6.147580909881752,0.0,0.3149782524297218,9.40513542444423,47.06715391940579
69,20.26501409722143,63.15204722851342,13.3288753755417,0.4037720924673108,12.0,0.0,6.661136584545131,291.0,6.504266491683764,0.0,0.4977292221250642,4.286630837421264,47.06715391940579
70,23.526050848498443,92.73428374231048,30.62781062688852,0.5551866271425523,28.0,0.0,6.667818881737452,650.0,18.988261854754214,0.0,23.214480205338123,1.8549908959539436,10.846751520521495
71,20.730876490261007,63.8011872147096,15.045039586984837,0.3909539308016818,7.0,0.0,6.852695770724994,177.0,2.5807250918616225,0.0,0.0560478325175095,3.82918784079818,57.33282946561364
72,17.120442944204314,89.11764667636035,12.699615164679214,0.4846867379815933,9.0,0.0,7.037572659712537,387.0,20.540893210833563,0.0,2.132171885617314,2.451838419878702,46.098693962216366
73,23.526050848498443,90.78686378372196,15.376831334530507,0.5375616548523126,28.0,0.0,8.144606561240352,650.0,18.988261854754214,0.0,18.175087690079327,1.5368356724220644,29.053798715682586
74,14.674665380746552,31.62239075612787,4.667966655125333,0.3236585820571301,6.0,80.0,8.115649940073627,313.0,1.5945943657031163,0.0,0.0371767580995089,8.533565243282586,64.49943314881533
75,23.526050848498443,90.4159266487527,3.3865640439144573,0.5055162506882402,28.0,0.0,7.813832850220471,650.0,18.988261854754214,1.0,6.060580872369618,1.4038526266962623,96.84599571894196
76,23.526050848498443,72.42547560274447,24.62123588683754,0.5439707356851271,28.0,0.0,6.897244418673799,650.0,18.988261854754214,0.0,6.828353686424175,2.2598944978653406,21.306119058167223
77,23.526050848498443,76.50578408740613,21.46349373778217,0.5607945728712649,28.0,0.0,6.73909671845554,650.0,18.988261854754214,0.0,4.905969570147247,2.530997774577642,44.93654201358906
78,22.827257258939085,40.52488199538968,14.633160176238482,0.3949596063221909,9.0,0.0,6.774735636814585,271.0,7.742175275584867,0.0,0.2234034905191885,6.323291284867171,42.99962209921022
79,19.682686105921963,29.86043936502397,10.39995512134541,0.3685221478868313,8.0,0.0,6.842672324936514,414.0,3.399003779525064,0.0,0.0421169755183667,6.857675306190258,38.35101430470101
80,21.779066874600044,69.08704138802129,13.694990407316237,0.3500960404924897,9.0,0.0,6.993024011763732,382.0,13.459635336823014,0.0,0.0941051171738506,4.731114116682131,38.73839828757678
81,23.526050848498443,60.64822156747105,15.125127250185516,0.5247434931866837,28.0,0.0,6.9150638778533216,650.0,18.988261854754214,0.0,7.266030997373294,3.4598942730802595,41.45008616770715
82,24.45777563457759,80.95702970703704,13.70643150205919,0.4310106860067722,8.0,0.0,7.432941910258186,291.0,8.539472458436427,0.0,0.929140891469778,4.9492109818408645,40.67531820195562
83,22.128463669379723,43.30691050765899,8.59226215195864,0.3412835543473698,8.0,25.0,6.868287797507076,265.0,5.098505669287596,0.0,0.0329131558243222,6.305544644875668,44.355466039275406
84,17.70277093550378,24.38911662422765,3.283594191227869,0.3500960404924897,9.0,45.0,7.994254874413134,382.0,3.608818827643895,0.0,0.080304021983083,7.56543933006191,70.50388488338973
85,19.566220507662077,19.56693386962751,6.040898024279843,0.3516983107006933,8.0,21.0,7.251406169866803,227.0,5.9167843569510365,0.0,0.0496802352065241,7.956449180927328,48.422997859470975
86,22.943722857198978,40.24667914416274,10.869040005806536,0.3629142021581186,12.0,25.0,7.530948935745556,268.0,5.381755984248017,0.0,0.1172490625676361,9.3180367834333,48.422997859470975
87,17.70277093550378,89.11764667636035,21.909696432757386,0.4197947945493469,9.0,12.5,6.873856378500677,295.0,8.256222143476004,0.0,0.1339790671474451,6.947459294042007,52.49052967966654
88,22.36139486589951,5.749525592023249,8.626585436187503,0.3308687979940463,8.0,0.0,6.955157661007247,289.0,11.34050335082282,0.0,0.1811011409888571,6.173145370202219,45.32392599646483
89,17.120442944204314,92.73428374231048,19.04942274701882,0.697788675672674,9.0,0.0,6.267994766396924,387.0,20.540893210833563,0.0,1.9974513224220107,1.7706943559943042,30.215950664309887
90,23.526050848498443,48.12909326225913,12.104678238045594,0.4670617656913535,28.0,0.0,7.029776646321496,650.0,18.988261854754214,0.0,3.405014732670735,4.66047781934753,41.06270218483139
91,20.730876490261007,57.68072448771712,10.811834532091764,0.3909539308016818,7.0,0.0,6.842672324936514,177.0,2.5807250918616225,0.0,0.0638428097206227,3.033157633810895,70.11650090051397
92,21.42967007982036,72.05453846777523,13.157258954397385,0.4358174966313831,8.0,0.0,6.353750913698374,288.0,10.38584488188214,0.0,0.2350171723687733,4.605953603057847,31.37810261293719
93,17.70277093550378,28.562159392631624,5.365873434445542,0.3500960404924897,9.0,45.0,7.505333463174994,382.0,3.608818827643895,0.0,0.0640559898343821,7.56543933006191,59.07605738855459
94,23.526050848498443,77.61859549231386,18.568896767814746,0.5712093292245884,28.0,0.0,7.017525768135575,650.0,18.988261854754214,0.0,7.18530988386329,3.2493864316021024,28.8601067242447
95,21.662601276340155,48.68549896471299,12.55088093302081,0.3917550659057837,8.0,0.0,7.045368673103577,261.0,11.109706797892107,0.0,0.2128927840407933,5.084529111776075,47.26084591084367
96,21.779066874600044,41.73042768403971,10.228338700201096,0.3500960404924897,9.0,0.0,7.000820025154772,382.0,13.459635336823014,0.0,0.0881638800903838,5.256975080640878,41.45008616770715
97,20.26501409722143,67.97422998311357,2.8259504015096995,0.4061754977796162,12.0,0.0,9.28505194872977,291.0,6.504266491683764,0.0,0.533219076715695,4.481493614696385,80.76956042959759
98,20.26501409722143,57.03158450152093,12.447911080334222,0.4061754977796162,12.0,0.0,6.778076785410746,291.0,6.504266491683764,0.0,0.3062842112685801,4.263747012169062,46.48607794509213
99,23.526050848498443,92.73428374231048,35.03263210292591,0.5607945728712649,28.0,0.0,5.434935049754261,650.0,18.988261854754214,0.0,13.28547737648796,1.855808175427236,19.75658312666416
100,22.24492926763962,88.6539752576488,31.18842426929328,0.4654594954831499,6.0,0.0,6.251289023416121,172.0,26.90877992124009,0.0,0.3590231176725207,2.051604986386121,30.40964265574777
101,21.779066874600044,50.26198178833227,6.098103497994614,0.3669198776786276,7.0,0.0,7.959729672252809,206.0,2.286984024495259,0.0,0.0640003776307927,7.07787374713746,70.11650090051397
102,19.566220507662077,42.379567670235886,15.388272429273462,0.3516983107006933,8.0,21.0,6.641089692968169,227.0,5.9167843569510365,0.0,0.0822411804081135,7.956449180927328,38.15732231326312
103,23.526050848498443,84.1099953542756,14.724688934182115,0.4262038753821614,28.0,0.0,6.937338201827725,650.0,18.988261854754214,0.0,3.743081318290653,3.618563245109552,37.96363032182524
104,21.662601276340155,48.036358978516816,7.528240340863895,0.3717266883032385,7.0,20.0,8.565591284356563,207.0,7.301563674535322,1.0,0.205653928873574,5.098072600190644,68.17958098613514
105,21.42967007982036,53.87861885428238,10.216897605458144,0.3781357691360529,11.0,33.0,7.368346370732417,206.0,2.286984024495259,0.0,0.0507832105777137,3.934616892852964,55.00852556835903
106,17.236908542464207,43.95605049385516,6.944744508973229,0.3204540416407229,9.0,70.0,7.652344001406052,342.0,2.3499285389309086,0.0,0.0409398505423912,9.139286087203097,48.03561387659521
107,17.120442944204314,88.28303812267957,12.951319249024207,0.4846867379815933,9.0,0.0,7.130011104206308,387.0,20.540893210833563,0.0,2.27039601763875,2.6415640118931254,43.19331409064811
108,23.526050848498443,85.68647817789487,25.29626047667184,0.5928399770353372,28.0,0.0,6.479600844153748,650.0,18.988261854754214,0.0,20.438504376167607,2.178867075798873,20.33765910097781
109,22.943722857198978,27.07841085275465,7.8485909936666145,0.3629142021581186,12.0,25.0,6.843786041135233,268.0,5.381755984248017,0.0,0.1431550807396949,9.12410803984194,45.13023400502695
110,23.526050848498443,62.68837580980187,13.340316470284654,0.4918969539185095,28.0,0.0,7.773739067066547,650.0,18.988261854754214,0.0,4.30706321229188,2.957267397005125,57.7202134484894
111,21.19673888330058,29.2112993788278,14.793335502639842,0.3084370150791957,5.0,80.0,6.938451918026446,225.0,1.8463724234457135,0.0,0.018212996675526,10.612023698076902,38.932090279014666
112,18.750961319842823,16.413968222388952,5.5603720450757645,0.3468915000760825,11.0,34.0,7.775966499463987,313.0,6.388868215218407,0.0,0.0926870059823211,6.411790976403745,64.11204916593957
113,23.526050848498443,77.34039264108694,13.134376764911476,0.6168740301583915,28.0,0.0,6.82373914955827,650.0,18.988261854754214,1.0,4.821364871086583,3.1788668884779723,43.968082056399645
114,22.01199807111983,30.602313634962453,10.056722279056782,0.327664257577639,8.0,12.5,6.554219829467998,329.0,6.367886710406524,0.0,0.1187876668669427,7.586688596367526,40.48162621051773
115,23.526050848498443,35.70269924078953,7.722738951494117,0.4125845786124307,9.0,0.0,7.027549213924055,208.0,5.444700498683667,0.0,0.0346464028361916,7.540453929021242,40.09424222764196
116,17.120442944204314,92.73428374231048,8.454969015043188,0.697788675672674,9.0,0.0,7.250292453668083,387.0,20.540893210833563,0.0,1.320808372649272,2.0617626026970477,45.13023400502695
117,22.943722857198978,61.39009583740953,15.045039586984837,0.3629142021581186,12.0,25.0,6.393844696852298,268.0,5.381755984248017,0.0,0.1384002373328018,8.43595872332932,36.22040239888429
118,21.42967007982036,71.12719563035213,11.406771458725386,0.4358174966313831,8.0,0.0,6.65111313875665,288.0,10.38584488188214,0.0,0.3238483989022299,3.622299379844606,39.319474261890434
119,23.526050848498443,92.73428374231048,43.44183673899728,0.5351582495400071,28.0,0.0,4.608557630303921,650.0,18.988261854754214,0.0,17.14542774062172,1.3274953730486114,26.729494818427977
120,23.526050848498443,90.3231923650104,20.13632674759948,0.6168740301583915,28.0,0.0,6.9184050264494825,650.0,18.988261854754214,1.0,8.326036672589511,2.4777578546031336,34.477174475943336
121,20.26501409722143,74.92930126378685,8.695232004645227,0.4061754977796162,12.0,0.0,7.370573803129858,291.0,6.504266491683764,0.0,0.5697470257733278,3.820314520802429,58.30128942280305
122,24.341310036317697,81.04976399077935,15.376831334530507,0.4165902541329397,9.0,0.0,6.834876311545472,368.0,8.980084059485971,0.0,0.1961349733591896,3.169526551640339,37.3825543475116
123,20.730876490261007,67.23235571317508,13.775078070516914,0.4382209019436885,10.0,0.0,6.878311243295558,416.0,10.501243158347496,0.0,0.121957562471538,3.187506700052783,41.06270218483139
124,20.26501409722143,65.28493575458657,4.519232423466928,0.4061754977796162,12.0,0.0,9.184817490844958,291.0,6.504266491683764,0.0,0.3072296187295997,4.263747012169062,93.55323186449792
125,19.100358114622495,17.7122481947813,10.58301263723268,0.3140449608079084,5.0,80.0,6.544196383679517,299.0,3.818633875762726,0.0,0.0328853497225275,10.765088468003617,40.48162621051773
126,17.70277093550378,87.44842956899876,23.39703874934144,0.4197947945493469,9.0,12.5,7.102168199238305,295.0,8.256222143476004,0.0,0.2084438077536419,7.410039475925789,29.053798715682586
127,23.526050848498443,92.73428374231048,3.7297968862030846,0.5055162506882402,28.0,0.0,5.535169507639074,650.0,18.988261854754214,0.0,4.540013464427249,1.5557498545182715,96.84599571894196
128,21.42967007982036,76.50578408740613,5.194257013301228,0.4358174966313831,8.0,0.0,7.389506978508099,288.0,10.38584488188214,0.0,0.4569284020916465,3.873320932355997,44.161774047837525
129,19.333289311142288,49.05643609968224,12.836908301594669,0.3428858245555734,10.0,30.0,7.081007591462622,284.0,5.171940936129186,0.0,0.0953749291558084,8.214242477646003,42.99962209921022
130,23.409585250238557,77.43312692482924,15.27386148184392,0.4878912783980005,8.0,0.0,6.6633640169425705,695.0,29.10134717408187,0.0,0.1031791750595198,2.463397086715273,38.932090279014666
131,17.3533741407241,29.86043936502397,5.548930950332809,0.3548227376066903,9.0,20.0,7.586634745681564,200.0,3.493420551178538,0.0,0.1949949231856071,4.787739908760281,67.98588899469725
132,24.690706831097376,88.46850669016419,17.195965398660235,0.4999083049595276,8.0,0.0,6.484055708948629,421.0,22.964257016606066,0.0,0.3057002831308914,2.8837122444087644,35.63932642457063
133,20.730876490261007,67.78876141562894,17.584962619920677,0.4382209019436885,10.0,0.0,6.539741518884636,416.0,10.501243158347496,0.0,0.1210306924117148,2.892585564404516,39.51316625332832
134,20.26501409722143,15.76482823619278,4.484909139238065,0.4037720924673108,12.0,0.0,8.560022703362963,291.0,6.504266491683764,0.0,0.2763833831386832,3.940571357586955,90.4541600014918
135,24.690706831097376,86.70655529906028,19.33545011559268,0.4999083049595276,8.0,0.0,6.617701652795046,421.0,22.964257016606066,0.0,0.2990453561013607,2.29643856574258,33.70240651019179
136,17.120442944204314,87.7266324202257,16.509499714082978,0.4846867379815933,9.0,0.0,6.543082667480797,387.0,20.540893210833563,0.0,1.1191214476317413,2.832340391801782,33.70240651019179
137,20.847342088520897,2.6892942285270034,5.537489855589856,0.3589085266376096,7.0,0.0,7.539858665335317,217.0,7.249109912505614,0.0,0.11812032042387,6.679391626801936,51.52206972247712
138,22.24492926763962,65.09946718710195,21.12026089549354,0.3452892298678788,11.0,22.0,6.24237929382636,314.0,6.147580909881752,0.0,0.1773380485459749,9.287680688710992,35.83301841600852
139,20.730876490261007,49.70557608587841,5.09128716061464,0.3909539308016818,7.0,0.0,8.721511552177382,177.0,2.5807250918616225,0.0,0.0519232607512962,3.735200701369496,96.84599571894196
140,24.341310036317697,74.09469271010606,10.7775112478629,0.4165902541329397,9.0,0.0,7.491968868790352,368.0,8.980084059485971,0.0,0.1377885030933185,3.2431984584471705,53.26529764541807
141,19.333289311142288,68.99430710427899,7.917237562124339,0.4085789030919216,9.0,0.0,7.64009312322013,280.0,4.2487547244063295,0.0,0.0615627093734576,3.4037354978439898,57.91390543992728
142,18.63449572158293,28.84036224385856,7.173566403832313,0.3500960404924897,8.0,0.0,7.437396775053066,273.0,14.603127349070643,0.0,0.1198628361363376,6.959017960878578,55.3959095512348
143,19.333289311142288,82.06984111194475,16.80696817739979,0.4085789030919216,9.0,0.0,6.205626659268596,280.0,4.2487547244063295,0.0,0.1289647001238015,3.0310560580224277,44.74285002215118
144,17.70277093550378,26.985676569012345,5.217139202787137,0.3500960404924897,9.0,45.0,7.301523398809209,382.0,3.608818827643895,0.0,0.1165909848251617,5.331814529552413,57.7202134484894
145,19.566220507662077,58.42259875765559,10.788952342605857,0.3516983107006933,8.0,21.0,6.810374555173629,227.0,5.9167843569510365,0.0,0.0401983544945326,7.956449180927328,39.7068582447662
147,22.943722857198978,43.77058192637054,10.548689353003818,0.3629142021581186,12.0,25.0,6.600995909814244,268.0,5.381755984248017,0.0,0.0957271397785412,8.093401869809124,37.96363032182524
148,24.341310036317697,85.22280675918333,21.349082790352625,0.4165902541329397,9.0,0.0,6.499647735730711,368.0,8.980084059485971,0.0,0.1586801542417337,2.5814355935008613,37.76993833038736
150,23.526050848498443,92.73428374231048,32.35541593307461,0.5607945728712649,28.0,0.0,5.181007756446071,650.0,18.988261854754214,0.0,22.60988286531544,1.7130177760219196,20.33765910097781
151,22.24492926763962,73.44555272390988,11.61271116409856,0.3452892298678788,11.0,22.0,6.933997053231565,314.0,6.147580909881752,0.0,0.1821948476594485,9.40513542444423,39.7068582447662
152,21.42967007982036,76.78398693863306,9.038464846933856,0.4358174966313831,8.0,0.0,6.978545701180369,288.0,10.38584488188214,0.0,0.2496802567151765,3.80945637922868,41.83747015058293
153,23.526050848498443,37.37191634815112,11.921620722158323,0.4262038753821614,28.0,0.0,6.4172327370254205,650.0,18.988261854754214,0.0,2.612272039204541,4.784937807708992,42.22485413345869
154,23.526050848498443,74.4656298450753,19.381214494564496,0.5712093292245884,28.0,0.0,6.611019355602725,650.0,18.988261854754214,0.0,7.600872075185027,3.244833017393756,26.148418844114325
155,22.36139486589951,26.707473717785412,20.13632674759948,0.4686640358995571,10.0,0.0,6.314770846743169,375.0,10.165539081357366,0.0,0.1659004720077565,3.2674833342250165,44.74285002215118
156,21.779066874600044,42.47230195397819,11.750004301014012,0.3500960404924897,9.0,0.0,6.838217460141633,382.0,13.459635336823014,0.0,0.0807025761088069,4.775830979292299,40.28793421907985
157,19.333289311142288,50.35471607207458,13.019965817481935,0.3428858245555734,10.0,30.0,7.681300622572776,284.0,5.171940936129186,0.0,0.1050051090773715,7.397663529615925,42.61223811633445
158,23.526050848498443,81.51343540949091,38.92260431553036,0.5928399770353372,28.0,0.0,6.609905639404005,650.0,18.988261854754214,0.0,12.677821365267862,2.125627155824364,16.270127280782248
159,22.943722857198978,86.61382101531798,16.520940808825934,0.3629142021581186,12.0,25.0,6.644430841564329,268.0,5.381755984248017,0.0,0.1591528579722435,7.9608858409252035,30.990718630061423
160,23.526050848498443,81.51343540949091,18.55745567307179,0.5712093292245884,28.0,0.0,7.167877454962793,650.0,18.988261854754214,0.0,5.172926684777528,2.703794006073856,27.6979547756174
161,23.526050848498443,89.67405237881422,20.62829382154651,0.4918969539185095,28.0,0.0,6.888334689084038,650.0,18.988261854754214,0.0,9.484661322170918,2.534150138260344,28.27903074993105
162,20.26501409722143,80.21515543709855,3.5810626545446795,0.4037720924673108,12.0,0.0,8.95427823770989,291.0,6.504266491683764,0.0,0.3541941246608418,3.7544651460971146,72.82818878064434
163,24.45777563457759,64.45032720090578,12.90555487005239,0.4310106860067722,8.0,0.0,6.378252670070217,291.0,8.539472458436427,0.0,0.6727222894196865,4.432573600509281,35.251942441694865
164,23.526050848498443,69.36524423924823,13.76363697577396,0.4678629007954553,28.0,0.0,7.155626576776871,650.0,18.988261854754214,0.0,5.972797009003762,2.569059647190998,31.18441062149931
165,23.526050848498443,87.26296100151414,21.4062882640674,0.5712093292245884,28.0,0.0,7.493082584989072,650.0,18.988261854754214,0.0,8.817898807235894,2.914301847552013,28.8601067242447
166,23.526050848498443,83.08991823311017,10.159692131743371,0.5351582495400071,28.0,0.0,6.543082667480797,650.0,18.988261854754214,1.0,7.662666502073441,1.318855561473801,96.84599571894196
167,17.819236533763675,19.288731018400576,8.981259373219084,0.3204540416407229,5.0,90.0,7.894020416528321,269.0,3.115753464564642,0.0,0.0083974427419982,8.53158042170459,62.36882124299862
168,19.333289311142288,68.06696426685589,7.196448593318221,0.4085789030919216,9.0,0.0,7.033117794917657,280.0,4.2487547244063295,0.0,0.0502827007454091,3.873320932355997,47.64822989371944
169,23.526050848498443,83.36812108433712,11.77288649049992,0.5712093292245884,28.0,0.0,7.253633602264243,650.0,18.988261854754214,0.0,5.395449648739884,3.270985960539129,39.12578227045255
170,19.333289311142288,17.155842492327437,7.276536256518902,0.3428858245555734,10.0,30.0,7.217994683905199,284.0,5.171940936129186,0.0,0.0764111677318255,7.226968873908178,45.90500197077848
172,17.120442944204314,89.02491239261805,17.298935251346823,0.697788675672674,9.0,0.0,6.825966581955711,387.0,20.540893210833563,1.0,1.3104552340810467,2.042498157969429,32.92763854444026
173,22.24492926763962,45.53253331747444,10.891922195292445,0.3452892298678788,11.0,22.0,7.1645363063666325,314.0,6.147580909881752,0.0,0.1523681691343376,9.13776828246698,47.45453790228155
174,22.24492926763962,88.83944382513342,20.113444558113564,0.4654594954831499,6.0,0.0,6.547537532275677,172.0,26.90877992124009,0.0,0.091287432191988,2.342439724667924,36.41409439032217
175,21.42967007982036,83.83179250304866,13.408963038742378,0.4358174966313831,8.0,0.0,6.707912664891376,288.0,10.38584488188214,0.0,0.242552625955136,3.308814324731544,37.576246338949474
176,18.750961319842823,16.506702506131262,5.3429912449596335,0.3188517714325192,8.0,80.0,7.005274889949653,321.0,3.535383560802304,0.0,0.0332190229440638,7.719204625251447,45.51761798790272
177,24.45777563457759,33.94074784968563,13.374639754513517,0.4310106860067722,8.0,0.0,6.07643558021706,291.0,8.539472458436427,0.0,0.7440078657206897,4.432573600509281,39.12578227045255
178,17.120442944204314,91.06506663494888,2.196690190647216,0.4846867379815933,9.0,0.0,8.689213782414498,387.0,20.540893210833563,1.0,1.6996665096020094,2.382603173069746,96.84599571894196
179,15.140527773786127,78.45320404599465,16.921379124829333,0.5183344123538692,9.0,20.0,7.811605417823031,248.0,4.164828705158797,0.0,0.7282418060030967,2.490250555123468,59.46344137143036
180,21.662601276340155,49.89104465336303,18.34007487295566,0.3917550659057837,8.0,0.0,6.467349965967828,261.0,11.109706797892107,1.0,0.2013069082930031,4.264564291642356,43.38700608208599
181,20.730876490261007,58.5153330413979,6.521424003483921,0.3917550659057837,6.0,0.0,7.883996970739839,254.0,3.5773465704260703,0.0,0.0491426505718266,3.9865725165122985,55.58960154267268
182,23.526050848498443,84.57366677298714,35.04407319766886,0.5607945728712649,28.0,0.0,4.864712356009552,650.0,18.988261854754214,0.0,18.61609246454321,1.6806768597216148,17.044895246533784
183,21.313204481560472,33.29160786348945,6.281161013881882,0.3292665277858427,8.0,60.0,7.327138871379772,395.0,1.7729371566041228,0.0,0.0736861697559452,12.50472620401279,46.67976993653002
184,15.140527773786127,84.94460390795638,9.26728674179294,0.5183344123538692,9.0,20.0,8.025438927977298,248.0,4.164828705158797,0.0,0.5098434138069535,2.253473016289468,70.69757687482762
185,23.526050848498443,55.26963311041704,12.081796048559688,0.4125845786124307,9.0,0.0,6.565356991455199,208.0,5.444700498683667,0.0,0.0281861185192238,6.555748917913767,35.83301841600852
186,24.45777563457759,87.26296100151414,25.8568741190766,0.4310106860067722,8.0,0.0,6.362660643288135,291.0,8.539472458436427,0.0,1.0481139323486852,4.94220572921264,24.59888291261125
187,18.750961319842823,37.46465063189343,10.869040005806536,0.3468915000760825,11.0,34.0,7.339389749565694,313.0,6.388868215218407,0.0,0.0327833940159469,6.411790976403745,42.61223811633445
188,23.526050848498443,91.62147233740274,24.30088523403482,0.5375616548523126,28.0,0.0,7.5665878541046,650.0,18.988261854754214,0.0,9.105098763972714,1.5855221781882272,25.76103486123856
189,22.128463669379723,65.28493575458657,8.260470404412967,0.3412835543473698,8.0,25.0,7.371687519328577,265.0,5.098505669287596,0.0,0.0413569420693116,6.305544644875668,46.29238595365425
190,16.771046149424635,29.67497079753935,3.398005138657412,0.3380790139309625,8.0,80.0,8.770515064921067,239.0,0.4825746106733115,0.0,0.0128000755261585,6.594744824210885,96.84599571894196
191,17.3533741407241,46.088939019928304,3.4437695176292284,0.3548227376066903,9.0,20.0,8.514360339215436,200.0,3.493420551178538,1.0,0.0568078659665645,6.085112695507526,89.09831606142659
192,21.42967007982036,65.19220147084425,8.615144341444548,0.3781357691360529,11.0,33.0,7.627842245034209,206.0,2.286984024495259,0.0,0.0457132313504807,3.715936256641878,54.62114158548326
193,17.120442944204314,86.9847581502872,32.40118031204643,0.697788675672674,9.0,0.0,5.775732206562624,387.0,20.540893210833563,0.0,2.160524840747306,1.7858724033554585,34.477174475943336
194,20.963807686780797,70.47805564415596,4.816700886783738,0.3565051213253041,6.0,0.0,8.986576007472776,260.0,3.031827445317109,0.0,0.1119937093284385,4.080793164361923,74.95880068646107
195,23.409585250238557,85.9646810291218,20.662617105775368,0.4878912783980005,8.0,0.0,6.074208147819619,695.0,29.10134717408187,0.0,0.1398276172249296,2.125977418455775,29.44118269855835
196,23.526050848498443,78.9168754647062,26.64630965634044,0.4918969539185095,28.0,0.0,6.797009960788987,650.0,18.988261854754214,0.0,6.534823207178762,2.360536627290837,25.95472685267644
197,22.01199807111983,34.12621641717025,14.97639301852711,0.327664257577639,8.0,12.5,6.230128415640439,329.0,6.367886710406524,0.0,0.125627967908438,7.586688596367526,33.70240651019179
198,19.333289311142288,63.70845293096729,11.029215332207896,0.4085789030919216,9.0,0.0,6.525263208301275,280.0,4.2487547244063295,0.0,0.0782927139532666,3.154582012700126,43.77439006496176
199,20.847342088520897,6.02772844325018,8.51217448875796,0.3589085266376096,7.0,0.0,6.9172913102507625,217.0,7.249109912505614,0.0,0.1477060127334269,6.679391626801936,47.84192188515732
200,22.24492926763962,70.9417270628675,14.30136842869281,0.3452892298678788,11.0,22.0,6.229014699441718,314.0,6.147580909881752,0.0,0.1910093819283673,9.287680688710992,34.08979049306757
201,21.662601276340155,29.95317364876628,10.731746868891085,0.3917550659057837,8.0,0.0,7.099940766840865,261.0,11.109706797892107,0.0,0.1302437808063576,4.606420619899728,54.42744959404538
202,23.526050848498443,92.73428374231048,18.980776178561097,0.5928399770353372,28.0,0.0,6.926201039840524,650.0,18.988261854754214,0.0,5.251988700880447,2.3406884115108677,35.63932642457063
203,21.42967007982036,35.05355925459335,14.46154375509417,0.4358174966313831,8.0,0.0,5.538510656235235,288.0,10.38584488188214,0.0,2.442747505262876,2.94150557859162,31.18441062149931
204,21.779066874600044,42.47230195397819,3.3636818544285485,0.3669198776786276,7.0,0.0,7.793785958643509,206.0,2.286984024495259,0.0,0.0300027838364773,7.07787374713746,64.69312514025322
205,23.526050848498443,92.73428374231048,39.32304263153375,0.4782776571487788,28.0,0.0,5.154278567676788,650.0,18.988261854754214,0.0,17.43535269533442,1.814243676499769,34.67086646738122
206,15.140527773786127,87.63389813648338,12.871231585823528,0.5183344123538692,9.0,20.0,8.160198588022434,248.0,4.164828705158797,0.0,0.764908785569703,2.427086527258974,60.044517345744005
207,21.42967007982036,54.52775884047855,14.564513607780755,0.4358174966313831,8.0,0.0,6.808147122776189,288.0,10.38584488188214,0.0,0.4406989073441421,4.672386748815512,40.67531820195562
208,15.140527773786127,84.85186962421407,6.76168699308596,0.5183344123538692,9.0,20.0,9.352988636851698,248.0,4.164828705158797,0.0,0.4821021929164449,2.671920106615433,94.52169182168734
209,20.49794529374122,25.594662312877688,4.759495413068967,0.3581073915335078,8.0,40.0,7.602226772463645,238.0,6.724572292208537,1.0,0.0567893285653681,5.67752374675531,64.11204916593957
210,22.24492926763962,77.9895326272831,16.32644219819571,0.4654594954831499,6.0,0.0,6.686752057115694,172.0,26.90877992124009,0.0,0.066410239786333,2.565557020876885,39.319474261890434
211,24.45777563457759,83.73905821930634,16.94426131431524,0.4310106860067722,8.0,0.0,6.474032263160148,291.0,8.539472458436427,0.0,0.6227732618958136,5.466432134224801,32.15287057868873
212,24.690706831097376,92.73428374231048,39.36880701050556,0.4999083049595276,8.0,0.0,5.58974160137636,421.0,22.964257016606066,0.0,1.5095376542304744,1.6805601055111443,27.89164676705528
213,20.26501409722143,82.06984111194475,11.109302995408576,0.4061754977796162,12.0,0.0,7.741441297303663,291.0,6.504266491683764,1.0,0.3319028997220936,3.341155241031848,51.715761713915
214,19.566220507662077,19.84513672085444,9.64484286831043,0.3516983107006933,8.0,21.0,6.680069759923374,227.0,5.9167843569510365,0.0,0.0461673976797941,7.956449180927328,45.32392599646483
215,23.526050848498443,85.22280675918333,19.69012405262426,0.5375616548523126,28.0,0.0,7.760374472681905,650.0,18.988261854754214,0.0,82.46937581684199,1.6538233913134197,20.14396710953993
216,24.45777563457759,82.34804396317169,19.770211715824946,0.4310106860067722,8.0,0.0,6.734641853660659,291.0,8.539472458436427,0.0,0.8858745970772303,5.199532009089434,28.666414732806818
217,23.526050848498443,89.02491239261805,22.61904430682055,0.5551866271425523,28.0,0.0,5.957267946954006,650.0,18.988261854754214,0.0,22.98795316271733,1.988090695890216,16.076435289344364
218,23.526050848498443,72.14727275151753,34.28896094463388,0.5551866271425523,28.0,0.0,6.517467194910234,650.0,18.988261854754214,0.0,9.191353291739864,1.7517801738980971,12.202595460586686
219,19.333289311142288,77.9895326272831,10.342749647630638,0.4085789030919216,9.0,0.0,7.14560313098839,280.0,4.2487547244063295,0.0,0.0850681340905743,3.089666671678576,45.7113099793406
220,17.120442944204314,14.55928254754274,3.5581804650587707,0.3324710682022499,6.0,82.5,8.475380272260232,332.0,2.1296227384061357,0.0,0.0201779612023513,7.32048899649498,81.93171237822489
221,22.24492926763962,81.97710682820245,16.94426131431524,0.4654594954831499,6.0,0.0,6.666705165538732,172.0,26.90877992124009,0.0,0.1566595775113191,2.326794660464888,41.45008616770715
222,23.526050848498443,80.21515543709855,20.74270476897605,0.5712093292245884,28.0,0.0,7.266998196648885,650.0,18.988261854754214,0.0,4.404829466202033,2.843899058638353,27.31057079274163
223,17.120442944204314,90.69412949997962,33.51096650211299,0.697788675672674,9.0,0.0,5.460550522324825,387.0,20.540893210833563,0.0,2.576457780092972,1.571394918721307,22.8556549896703
224,24.45777563457759,52.39487031440541,9.690607247282248,0.4310106860067722,8.0,0.0,6.497420303333271,291.0,8.539472458436427,0.0,0.5815090068324843,5.25230491222206,38.54470629613889
225,22.827257258939085,46.27440758741292,8.809642952074771,0.3949596063221909,9.0,0.0,6.727959556468339,271.0,7.742175275584867,0.0,0.3254611528063222,5.512083030518732,39.51316625332832
226,20.963807686780797,53.60041600305544,7.608328004064575,0.3565051213253041,6.0,0.0,7.378369816520898,260.0,3.031827445317109,0.0,0.1131152221008246,4.080793164361923,55.00852556835903
227,24.690706831097376,91.71420662114504,14.415779376122352,0.4999083049595276,8.0,0.0,7.192379211334636,421.0,22.964257016606066,0.0,0.3151914325434811,2.4734379488157283,37.188862356073706
228,23.526050848498443,75.39297268249841,14.495867039323032,0.6168740301583915,28.0,0.0,6.807033406577469,650.0,18.988261854754214,0.0,3.949680654625247,2.929479894913167,43.77439006496176
229,23.526050848498443,92.73428374231048,24.918704350154357,0.5375616548523126,28.0,0.0,6.930655904635404,650.0,18.988261854754214,0.0,16.560109297843365,1.6183301113304136,19.75658312666416
230,23.526050848498443,44.69792476379365,16.166266871794353,0.5247434931866837,28.0,0.0,6.413891588429261,650.0,18.988261854754214,0.0,2.93224612125671,3.5802678640752563,38.54470629613889
231,23.526050848498443,91.71420662114504,23.854682539059606,0.5607945728712649,28.0,0.0,6.00293031110153,650.0,18.988261854754214,0.0,7.555603741463261,2.017629511139231,22.274579015356647
232,20.26501409722143,66.39774715949429,5.41163781341736,0.4061754977796162,12.0,0.0,8.194723790182758,291.0,6.504266491683764,0.0,0.474399902719314,4.842964650312788,61.01297730293343
233,23.526050848498443,92.73428374231048,23.236863422940075,0.5551866271425523,28.0,0.0,7.132238536603748,650.0,18.988261854754214,0.0,8.893976301746184,1.913601509610092,23.43673096398395
234,21.19673888330058,26.80020800152772,7.104919835374588,0.3717266883032385,8.0,28.0,6.9172913102507625,254.0,15.778091618536097,0.0,0.0266475142199173,4.28009260163492,48.422997859470975
235,20.847342088520897,20.30880813956599,5.5031665713609925,0.3228574469530282,9.0,90.0,8.073328724522263,210.0,1.2798717935248696,0.0,0.0121512664842822,10.153646667770056,68.5669649690109
236,24.341310036317697,79.19507831593315,12.161883711760366,0.4165902541329397,9.0,0.0,7.133352252802469,368.0,8.980084059485971,0.0,0.2120307948851577,3.169526551640339,36.02671040744641
237,20.26501409722143,70.9417270628675,10.914804384778352,0.4061754977796162,12.0,0.0,7.385052113713219,291.0,6.504266491683764,1.0,0.4825100157427672,4.842964650312788,48.61668985090886
238,21.662601276340155,54.80596169170549,16.772644893170927,0.3917550659057837,8.0,0.0,6.753575029038903,261.0,11.109706797892107,1.0,0.1259338350281796,4.949444490261806,47.26084591084367
239,18.63449572158293,53.78588457054007,18.12269407283953,0.3500960404924897,8.0,0.0,6.448416790589585,273.0,14.603127349070643,0.0,0.1307164845368674,7.378866101730188,39.319474261890434
240,24.45777563457759,75.76390981746765,16.78408598791388,0.4310106860067722,8.0,0.0,6.6711600303336125,291.0,8.539472458436427,0.0,0.726851500913362,4.971277527619773,33.89609850162968
241,22.36139486589951,60.55548728372873,14.781894407896887,0.4686640358995571,10.0,0.0,6.703457800096496,375.0,10.165539081357366,0.0,0.2216331687049262,2.8127256844427526,41.06270218483139
242,15.140527773786127,92.73428374231048,8.912612804761359,0.5183344123538692,9.0,20.0,8.166880885214754,248.0,4.164828705158797,0.0,0.6149875533932987,2.212025271572471,69.72911691763821
243,23.526050848498443,86.52108673157566,20.65117601103242,0.5928399770353372,28.0,0.0,7.195720359930797,650.0,18.988261854754214,0.0,13.36620775869856,2.3381198188805183,18.594431178036853
244,24.45777563457759,71.12719563035213,10.388514026602456,0.4590504146503354,5.0,0.0,6.81594313616723,257.0,12.515467620288277,0.0,0.0419594076081967,2.6707525645107286,39.90055023620408
245,19.79915170418186,12.890065440181155,5.09128716061464,0.3228574469530282,7.0,95.0,7.946365077868167,386.0,1.5421406036734084,0.0,0.0164797496636566,8.935666744142694,63.7246651830638
246,22.128463669379723,29.86043936502397,7.688415667265254,0.3412835543473698,8.0,25.0,7.018639484334294,265.0,5.098505669287596,0.0,0.0339141754889312,6.305544644875668,48.03561387659521
247,23.526050848498443,76.96945550611768,16.00609154539299,0.5712093292245884,28.0,0.0,7.035345227315097,650.0,18.988261854754214,0.0,6.168246098518683,3.1925271311030103,37.76993833038736
248,19.100358114622495,51.93119889569386,15.456918997731188,0.4406243072559939,9.0,0.0,6.557560978064158,260.0,14.57165509185282,1.0,0.0422652747279384,3.633507784049765,45.13023400502695
249,21.662601276340155,67.41782428065972,20.662617105775368,0.3917550659057837,8.0,0.0,6.440620777198545,261.0,11.109706797892107,0.0,0.2335619863748509,5.084529111776075,43.58069807352388
250,15.140527773786127,62.13197010734801,8.51217448875796,0.460652684858539,9.0,20.0,9.240503300780963,248.0,4.164828705158797,0.0,0.5360460303981558,2.8273199607515545,96.84599571894196
251,20.26501409722143,72.61094417022909,4.736613223583058,0.4037720924673108,12.0,0.0,9.20597809862064,291.0,6.504266491683764,0.0,0.2922699359640531,3.379333867855673,86.77401216417198
252,23.526050848498443,92.73428374231048,26.70351513005521,0.527948033603091,28.0,0.0,4.608557630303921,650.0,18.988261854754214,0.0,19.201225533309604,1.3754813535519514,23.049346981108183
253,22.943722857198978,31.99332789109711,6.738804803600051,0.3436869596596752,5.0,40.0,7.728076702919021,319.0,1.3113440507426943,0.0,0.0268699630342748,10.2651469387693,51.52206972247712
254,23.526050848498443,89.21038096010267,11.658475543070375,0.6168740301583915,28.0,0.0,5.971746257537367,650.0,18.988261854754214,0.0,3.409231991442931,2.456041571455637,40.28793421907985
255,23.526050848498443,91.71420662114504,22.790660727964863,0.5551866271425523,28.0,0.0,6.400526994044619,650.0,18.988261854754214,0.0,7.11096563636487,1.9070632738237483,16.46381927222013
256,22.36139486589951,25.872865164104617,3.809884549403765,0.3292665277858427,8.0,80.0,7.64120683941885,229.0,5.19292244094107,0.0,0.0324589894950088,5.973962687139692,55.20221755979691
257,23.526050848498443,76.87672122237538,6.052339119022797,0.5752150047450975,28.0,0.0,9.77842822476279,650.0,18.988261854754214,1.0,3.220206111442585,2.2238174468299823,42.41854612489657
258,23.526050848498443,82.62624681439861,30.47907639523012,0.5439707356851271,28.0,0.0,5.907150718011599,650.0,18.988261854754214,0.0,24.043565473849984,1.9235256175000768,20.14396710953993
259,19.682686105921963,23.9254452055161,11.406771458725386,0.3685221478868313,8.0,0.0,6.535286654089756,414.0,3.399003779525064,0.0,0.0613309918585018,6.088265059190228,37.3825543475116
260,19.79915170418186,27.542082271466207,6.853215751029595,0.3484937702842861,8.0,80.0,7.389506978508099,264.0,2.1086412335942524,0.0,0.0139123195979463,9.741971321651372,47.45453790228155
261,17.70277093550378,79.65874973464469,19.564272010451766,0.4197947945493469,9.0,12.5,6.686752057115694,295.0,8.256222143476004,0.0,0.1576049849723387,7.696554308420186,36.60778638176005
262,25.622431617176524,20.30880813956599,9.21008126807817,0.3308687979940463,8.0,80.0,6.306974833352128,318.0,2.0037337095348366,0.0,0.0398646812729963,12.359250457766652,35.251942441694865
263,24.690706831097376,91.2505352024335,16.692557229970248,0.4999083049595276,8.0,0.0,7.187924346539755,421.0,22.964257016606066,0.0,0.3265641281775119,2.159719385281725,33.12133053587815
264,17.120442944204314,73.44555272390988,13.889489017946458,0.4846867379815933,9.0,0.0,6.545310099878237,387.0,20.540893210833563,0.0,1.66862563129853,2.832340391801782,46.098693962216366
265,21.779066874600044,54.435024556736245,5.9608103610791625,0.3669198776786276,7.0,0.0,7.161195157770472,206.0,2.286984024495259,0.0,0.0276670712857228,7.07787374713746,55.58960154267268
266,24.45777563457759,78.36046976225234,11.738563206271058,0.4310106860067722,8.0,0.0,6.789213947397947,291.0,8.539472458436427,0.0,0.5913060233648156,5.2094561169794185,35.251942441694865
267,15.140527773786127,75.85664410120995,10.972009858493124,0.5183344123538692,9.0,20.0,8.022097779381138,248.0,4.164828705158797,0.0,0.5006117880111144,2.4659656793456217,65.46789310600475
268,17.120442944204314,29.582236513797035,3.295035285970823,0.333352316816762,8.0,95.0,8.947595940517571,208.0,2.811521644792337,0.0,0.0186208195018483,5.975480491875808,96.84599571894196
269,23.526050848498443,92.73428374231048,27.000983593372027,0.5607945728712649,28.0,0.0,6.16553287611467,650.0,18.988261854754214,0.0,8.515173776997036,1.8451835422744287,21.88719503248088
270,23.526050848498443,78.26773547851003,16.818409272142745,0.5712093292245884,28.0,0.0,6.772508204417145,650.0,18.988261854754214,0.0,6.303800844767827,3.17279566953351,38.73839828757678
271,18.05216773028346,45.71800188495906,6.281161013881882,0.3541017160129987,5.0,35.0,8.0644189949325,268.0,1.5945943657031163,0.0,0.0120585794782999,8.217044578697292,63.33728120018804
272,17.120442944204314,89.21038096010267,4.233205054893072,0.4846867379815933,9.0,0.0,8.830655739651956,387.0,20.540893210833563,0.0,1.8631849255560204,2.388674392014208,96.84599571894196
273,23.526050848498443,84.75913534047177,16.017532640135947,0.5752150047450975,28.0,0.0,5.5273734942480335,650.0,18.988261854754214,0.0,3.42659226766342,2.0458840300730707,42.41854612489657
274,19.79915170418186,33.47707643097408,5.148492634329411,0.3284653926817409,9.0,90.0,7.493082584989072,171.0,2.1191319860001943,0.0,0.0158402093223786,14.158199332694798,58.30128942280305
275,24.45777563457759,76.04211266869459,31.70327353272622,0.4310106860067722,8.0,0.0,6.626611382384807,291.0,8.539472458436427,0.0,1.2864863743340185,4.6584929977695335,25.567342869800672
276,22.36139486589951,16.228499654904333,11.303801606038798,0.3308687979940463,8.0,0.0,6.638862260570729,289.0,11.34050335082282,0.0,0.1471498906975329,6.173145370202219,42.0311621420208
277,19.100358114622495,78.9168754647062,11.086420805922666,0.4406243072559939,9.0,0.0,7.397302991899141,260.0,14.57165509185282,0.0,0.0650013972954017,3.9942782944033457,55.58960154267268
278,21.42967007982036,66.67595001072122,7.402388298691398,0.3781357691360529,11.0,33.0,8.263774194503407,206.0,2.286984024495259,0.0,0.0695430605885355,3.6184464908990814,64.69312514025322
279,20.730876490261007,56.66064736655169,4.610761181410562,0.3757323638237475,6.0,0.0,8.002050887804174,226.0,7.41696195100068,0.0,0.0252942839325754,5.799298388275952,67.21112102894571
280,23.526050848498443,92.73428374231048,21.56646359046876,0.5928399770353372,28.0,0.0,7.22244954870008,650.0,18.988261854754214,0.0,9.237687526030424,2.3098652999466776,29.82856668143412
281,21.313204481560472,20.21607385582368,4.942552928956236,0.3428858245555734,7.0,75.0,7.344958330559294,236.0,3.0947719597527588,0.0,0.0256094197529153,6.30601166171755,59.65713336286824
282,20.963807686780797,64.54306148464808,12.974201438510116,0.3565051213253041,6.0,0.0,6.863832932712196,260.0,3.031827445317109,0.0,0.1066271316820621,4.080793164361923,41.45008616770715
283,23.526050848498443,52.58033888189004,16.887055840600468,0.464658360379048,28.0,0.0,6.362660643288135,650.0,18.988261854754214,0.0,12.118918719194468,3.2967886410530904,38.932090279014666
284,23.526050848498443,69.55071280673285,16.4294120508823,0.464658360379048,28.0,0.0,7.1689911711615135,650.0,18.988261854754214,0.0,3.3077026450898965,3.381785706275552,44.93654201358906
285,24.574241232837487,44.141519061339785,16.93282021957229,0.3284653926817409,7.0,75.0,6.557560978064158,453.0,4.196300962376622,0.0,0.0126054328135956,8.54605794380292,36.60778638176005
286,23.526050848498443,81.23523255826396,16.131943587565488,0.4918969539185095,28.0,0.0,6.290269090371326,650.0,18.988261854754214,0.0,11.16711585476201,2.278108154698725,40.28793421907985
287,23.526050848498443,92.73428374231048,10.903363290035395,0.5055162506882402,28.0,0.0,6.922859891244364,650.0,18.988261854754214,0.0,8.557142453305831,1.3649734746096145,96.84599571894196
288,19.682686105921963,21.60708811195834,8.958377183733177,0.3508170620861813,5.0,35.0,6.716822394481137,288.0,6.357395958000581,0.0,0.0321253162734724,7.753296854708807,37.576246338949474
289,23.526050848498443,42.10136481900895,11.143626279637438,0.4125845786124307,9.0,0.0,6.665591449340012,208.0,5.444700498683667,0.0,0.0509500471884819,5.61844611625728,36.80147837319794
290,15.140527773786127,80.5860925720678,5.857840508392575,0.5183344123538692,9.0,20.0,9.69378579366006,248.0,4.164828705158797,0.0,0.5668181163842864,2.102743330572163,96.84599571894196
291,23.526050848498443,92.73428374231048,39.78068642125192,0.5351582495400071,28.0,0.0,5.463891670920985,650.0,18.988261854754214,0.0,10.29576531152221,1.3709279393436054,26.729494818427977
292,17.586305337243886,37.55738491563574,4.519232423466928,0.3292665277858427,9.0,100.0,7.591089610476444,240.0,1.3847793175842853,0.0,0.0132727792566683,9.719554513241055,61.20666929437131
293,23.526050848498443,92.73428374231048,13.878047923203503,0.527948033603091,28.0,0.0,6.24572044242252,650.0,18.988261854754214,0.0,11.077116771953175,1.5005251129657653,54.0400656111696
294,24.341310036317697,89.67405237881422,18.843483041645644,0.4165902541329397,9.0,0.0,6.516353478711514,368.0,8.980084059485971,0.0,0.1229215073337542,2.45989446040116,37.76993833038736
295,24.45777563457759,64.07939006593652,11.063538616436755,0.4590504146503354,5.0,0.0,7.342730898161854,257.0,12.515467620288277,0.0,0.0580498718467277,2.8938698607196907,43.38700608208599
296,24.45777563457759,85.0373381916987,21.41772935881035,0.4310106860067722,8.0,0.0,6.8404448925390735,291.0,8.539472458436427,0.0,1.142339542630313,4.643198196197909,29.44118269855835
297,19.79915170418186,14.188345412573502,5.217139202787137,0.3228574469530282,7.0,95.0,7.768170486072946,386.0,1.5421406036734084,0.0,0.0291964068844311,8.935666744142694,67.59850501182147
298,23.526050848498443,92.73428374231048,22.97371824385213,0.4782776571487788,28.0,0.0,5.741207004402299,650.0,18.988261854754214,0.0,26.560203060281967,1.855691421216766,31.571794604375075
299,17.236908542464207,9.273428374231049,5.4230789081603135,0.3204540416407229,9.0,70.0,7.841675755188475,342.0,2.3499285389309086,0.0,0.0515432440267687,9.139286087203097,56.17067751698633
300,22.827257258939085,26.80020800152772,7.036273266916862,0.3949596063221909,9.0,0.0,7.029776646321496,271.0,7.742175275584867,0.0,0.2812772570545498,6.323291284867171,44.54915803071329
301,17.70277093550378,92.73428374231048,34.24319656566206,0.4197947945493469,9.0,12.5,6.271335914993084,295.0,8.256222143476004,0.0,0.1957920314370551,7.101107835021072,31.959178587250843
302,20.847342088520897,30.880516486189386,16.18914906128026,0.3589085266376096,7.0,0.0,6.443961925794704,217.0,7.249109912505614,0.0,0.1745852444683,5.954931750833014,38.73839828757678
303,23.526050848498443,81.51343540949091,21.749521106356028,0.5712093292245884,28.0,0.0,6.65556800355153,650.0,18.988261854754214,0.0,4.3273987414044015,3.012959155399513,24.59888291261125
304,21.42967007982036,66.4904814432366,18.23710502026907,0.4358174966313831,8.0,0.0,6.439507060999824,288.0,10.38584488188214,0.0,0.2272870760698477,4.707179503535696,38.35101430470101
305,23.526050848498443,77.8967983435408,18.63754333627247,0.464658360379048,28.0,0.0,6.868287797507076,650.0,18.988261854754214,0.0,4.030763247458582,3.541622220409549,38.54470629613889
306,20.730876490261007,54.15682170550931,5.766311750448941,0.3909539308016818,7.0,0.0,7.773739067066547,177.0,2.5807250918616225,0.0,0.0535730894577815,3.302976614208023,72.05342081489282
307,21.779066874600044,5.564057024538628,7.75706223572298,0.3500960404924897,9.0,0.0,6.98634171457141,382.0,13.459635336823014,0.0,0.0731856599236407,4.963805258149667,46.67976993653002
308,19.100358114622495,85.68647817789487,12.01314948010196,0.4406243072559939,9.0,0.0,7.097713334443425,260.0,14.57165509185282,1.0,0.1058949043348018,3.926794360751447,44.54915803071329
309,23.526050848498443,88.46850669016419,27.90483007806541,0.5439707356851271,28.0,0.0,6.566470707653919,650.0,18.988261854754214,0.0,14.700437209814073,2.2295384031430325,16.076435289344364
310,22.24492926763962,16.228499654904333,7.505358151377986,0.3452892298678788,11.0,22.0,7.481945423001871,314.0,6.147580909881752,0.0,0.176781926510081,9.13776828246698,50.74730175672558
311,20.963807686780797,34.21895070091256,4.084470823234666,0.3565051213253041,6.0,0.0,8.70926067399146,260.0,3.031827445317109,0.0,0.0758828517977262,4.080793164361923,84.83709224979314
312,17.120442944204314,90.23045808126808,16.131943587565488,0.697788675672674,9.0,0.0,6.81817056856467,387.0,20.540893210833563,0.0,1.5354529411031312,1.8890831254113043,41.64377815914504
313,17.120442944204314,85.87194674537949,6.292602108624836,0.4846867379815933,9.0,0.0,6.960726242000847,387.0,20.540893210833563,1.0,1.1803319463824662,2.099707721099932,52.29683768822865
314,22.827257258939085,37.1864477806665,7.001949982688,0.3949596063221909,9.0,0.0,7.14448941478967,271.0,7.742175275584867,0.0,0.316146108705099,5.512083030518732,48.422997859470975
315,23.526050848498443,82.99718394936787,36.60006208271064,0.5607945728712649,28.0,0.0,5.568580993600678,650.0,18.988261854754214,0.0,20.94457542883108,1.7727959317827715,14.333207366403409
316,23.526050848498443,87.44842956899876,22.52751554887692,0.4678629007954553,28.0,0.0,7.610022785854687,650.0,18.988261854754214,0.0,9.326444602959096,2.4380614230431927,27.31057079274163
317,24.45777563457759,82.71898109814093,15.823034029505724,0.4310106860067722,8.0,0.0,6.643317125365609,291.0,8.539472458436427,0.0,0.7897303657717687,4.684529186704435,37.96363032182524
318,18.750961319842823,28.84036224385856,11.71568101678515,0.3188517714325192,8.0,80.0,6.445075641993425,321.0,3.535383560802304,0.0,0.0405876399196584,7.719204625251447,37.576246338949474
319,17.120442944204314,30.78778220244708,4.359057097065568,0.333352316816762,8.0,95.0,8.746013308549225,208.0,2.811521644792337,0.0,0.0325331390997947,5.975480491875808,93.94061584737368
320,21.313204481560472,17.155842492327437,8.912612804761359,0.3292665277858427,8.0,60.0,6.553106113269278,395.0,1.7729371566041228,0.0,0.0671424671335934,12.50472620401279,36.02671040744641
321,20.730876490261007,73.16734987268296,10.457160595060182,0.3757323638237475,6.0,0.0,7.151171711981991,226.0,7.41696195100068,0.0,0.0253128213337718,5.799298388275952,41.83747015058293
322,20.730876490261007,81.79163826071783,18.03116531489589,0.4382209019436885,10.0,0.0,6.602109626012964,416.0,10.501243158347496,0.0,0.1588099160501089,2.875772958096776,35.44563443313275
323,24.690706831097376,86.79928958280259,27.641684898977463,0.4999083049595276,8.0,0.0,6.876083810898118,421.0,22.964257016606066,0.0,0.269626500402572,1.8819611185726093,27.116878801303745
324,19.333289311142288,60.3700187162441,14.186957481263269,0.3428858245555734,10.0,30.0,6.788100231199226,284.0,5.171940936129186,0.0,0.0983594507484391,7.397663529615925,38.932090279014666
325,20.730876490261007,88.6539752576488,6.4985418139980125,0.3909539308016818,7.0,0.0,7.309319412200249,177.0,2.5807250918616225,0.0,0.0927611555871069,3.323992372092697,62.94989721731226
326,23.526050848498443,87.91210098771032,27.435745193604287,0.5928399770353372,28.0,0.0,7.193492927533356,650.0,18.988261854754214,0.0,9.89137190442134,2.320956949941367,22.8556549896703
327,17.120442944204314,90.3231923650104,5.251462487015999,0.4846867379815933,9.0,0.0,7.732531567713901,387.0,20.540893210833563,0.0,1.1340996677984845,2.1918267931610886,79.99479246384604
328,17.120442944204314,87.17022671777184,18.46592691512816,0.697788675672674,9.0,0.0,5.871511799652555,387.0,20.540893210833563,0.0,2.2677544379682537,2.027320110608275,25.37365087836279
329,20.730876490261007,61.29736155366721,10.079604468542692,0.3917550659057837,6.0,0.0,7.14671684718711,254.0,3.5773465704260703,0.0,0.0434145936021191,3.6103904503766233,43.77439006496176
330,23.526050848498443,83.46085536807942,18.78627756793088,0.5712093292245884,28.0,0.0,7.463012247623628,650.0,18.988261854754214,0.0,4.460219220977068,3.0326906169690133,31.76548659581296
331,23.526050848498443,89.39584952758729,20.353707547715604,0.5928399770353372,28.0,0.0,7.06207441608438,650.0,18.988261854754214,0.0,5.828223817072538,2.4191472409469856,28.8601067242447
332,22.24492926763962,6.305931294477111,4.038706444262849,0.3452892298678788,11.0,22.0,7.748123594495984,314.0,6.147580909881752,0.0,0.0761979876180661,10.398947263968395,57.33282946561364
333,22.24492926763962,64.6357957683904,16.44085314562525,0.4654594954831499,6.0,0.0,6.537514086487196,172.0,26.90877992124009,0.0,0.0639447654272033,2.635959809790545,42.61223811633445
334,22.24492926763962,12.05545688650036,6.750245898343007,0.3452892298678788,11.0,22.0,7.22467698109752,314.0,6.147580909881752,0.0,0.1300398693931965,8.63595868586514,47.26084591084367
335,23.526050848498443,91.89967518862966,24.117827718147552,0.5375616548523126,28.0,0.0,7.289272520623287,650.0,18.988261854754214,0.0,14.71350607765758,1.7737299654665353,21.112427066729342
336,21.546135678080255,41.82316196778202,14.713247839439164,0.3597096617417114,7.0,0.0,6.699002935301615,231.0,4.710347830267758,0.0,0.0480860187036281,5.168942405946185,43.58069807352388
337,23.526050848498443,71.40539848157906,8.020207414810928,0.4262038753821614,28.0,0.0,7.863950079162877,650.0,18.988261854754214,0.0,5.312040612056394,3.9820191023039526,48.422997859470975
338,23.526050848498443,91.15780091869118,22.09275394864465,0.5712093292245884,28.0,0.0,7.14671684718711,650.0,18.988261854754214,0.0,6.975633338930084,2.551079498778554,25.179958886924908
339,23.526050848498443,79.8442183021293,20.182091126571294,0.4678629007954553,28.0,0.0,7.06987042947542,650.0,18.988261854754214,0.0,7.871101041126484,2.396613678326196,28.085338758493165
340,23.409585250238557,91.15780091869118,27.42430409886133,0.4878912783980005,8.0,0.0,6.029659499870814,695.0,29.10134717408187,0.0,0.1699601628697822,2.0495034105976537,13.558439400651872
341,23.526050848498443,84.38819820550252,15.182332723900286,0.6168740301583915,28.0,0.0,7.122215090815267,650.0,18.988261854754214,1.0,3.568171669301415,2.9249264807048205,42.0311621420208
342,23.526050848498443,92.73428374231048,42.3091683594448,0.5551866271425523,28.0,0.0,5.0328835020162925,650.0,18.988261854754214,0.0,42.400690443678585,1.936018318020411,13.558439400651872
343,23.526050848498443,49.33463895090917,13.100053480682613,0.4670617656913535,28.0,0.0,6.576494153442401,650.0,18.988261854754214,0.0,4.482037742185307,3.680442976658872,39.90055023620408
344,23.526050848498443,89.58131809507191,27.218364393488155,0.5928399770353372,28.0,0.0,6.519694627307674,650.0,18.988261854754214,0.0,11.866068566874691,2.213192813677175,20.918735075291465
345,23.526050848498443,59.99908158127487,12.287735753932862,0.4262038753821614,28.0,0.0,6.951816512411087,650.0,18.988261854754214,0.0,5.3981004971109785,3.9978976749279287,44.54915803071329
346,17.70277093550378,36.16637065950109,17.973959841181124,0.4197947945493469,9.0,12.5,6.558674694262879,295.0,8.256222143476004,0.0,0.0869218742102207,6.364155258531817,42.0311621420208
347,24.45777563457759,92.73428374231048,22.74489634899304,0.4310106860067722,8.0,0.0,6.474032263160148,291.0,8.539472458436427,0.0,0.9161461732310564,4.781318427184409,28.085338758493165
348,18.63449572158293,39.22660202299733,11.898738532672418,0.3500960404924897,8.0,0.0,6.692320638109296,273.0,14.603127349070643,0.0,0.075994076204905,6.424633939555491,42.0311621420208
349,22.24492926763962,89.95225523004115,29.071821741846744,0.4654594954831499,6.0,0.0,6.521922059705114,172.0,26.90877992124009,0.0,0.1393827195962144,2.2701688683867367,33.50871451875391
350,24.45777563457759,74.92930126378685,9.015582657447949,0.4590504146503354,5.0,0.0,6.715708678282418,257.0,12.515467620288277,0.0,0.0439429095362184,2.92469297228388,23.049346981108183
351,18.518030123323037,55.36236739415935,9.896546952655424,0.414987983924736,5.0,0.0,7.283703939629687,406.0,1.9827522047229535,0.0,0.0231532140943838,7.316869615970398,31.959178587250843
352,19.333289311142288,42.28683338649357,8.695232004645227,0.3244597171612319,10.0,52.5,7.033117794917657,277.0,5.581080279960907,0.0,0.0425433357458853,8.54313908854116,43.19331409064811
353,15.839321363345489,22.998102368093,3.6153859387735423,0.3212551767448247,5.0,90.0,8.823973442459634,182.0,1.269381041118928,1.0,0.0139123195979463,6.870985286183886,96.84599571894196
354,24.45777563457759,82.81171538188325,7.413829393434353,0.4590504146503354,5.0,0.0,7.5665878541046,257.0,12.515467620288277,0.0,0.1015756898560256,2.789141333927729,42.61223811633445
355,23.526050848498443,92.73428374231048,23.59153735997166,0.5439707356851271,28.0,0.0,6.634407395775848,650.0,18.988261854754214,0.0,68.15655566604597,2.104611397939689,17.044895246533784
356,24.341310036317697,66.11954430826736,8.775319667845908,0.4165902541329397,9.0,0.0,7.552109543521239,368.0,8.980084059485971,0.0,0.1059597852389894,3.3346170052455046,51.32837773103923
357,17.70277093550378,38.1137906180896,7.642651288293437,0.3500960404924897,9.0,45.0,7.553223259719959,382.0,3.608818827643895,0.0,0.0729910172110778,4.423350017882119,61.981437260122846
358,21.662601276340155,55.17689882667472,9.21008126807817,0.333352316816762,7.0,17.5,7.911839875707844,200.0,1.4477238320199344,0.0,0.0180832348671508,10.768124077475846,63.918357174501686
359,20.26501409722143,72.05453846777523,11.361007079753568,0.4061754977796162,12.0,0.0,7.661253730995813,291.0,6.504266491683764,1.0,0.5779590945033614,3.820314520802429,53.26529764541807
360,22.36139486589951,21.699822395700647,5.377314529188497,0.3292665277858427,8.0,80.0,7.383938397514499,229.0,5.19292244094107,0.0,0.033506352662609,5.973962687139692,54.0400656111696
361,17.236908542464207,18.639591032204404,5.68622408724826,0.3204540416407229,9.0,70.0,7.06652928087926,342.0,2.3499285389309086,0.0,0.0599314180681688,9.139286087203097,43.58069807352388
362,24.690706831097376,90.60139521623732,14.026782154861907,0.4999083049595276,8.0,0.0,7.045368673103577,421.0,22.964257016606066,0.0,1.1057003691655012,2.65148811978311,37.96363032182524
363,24.690706831097376,91.2505352024335,19.8045350000538,0.4999083049595276,8.0,0.0,6.41166415603182,421.0,22.964257016606066,0.0,0.9047827462976238,2.739053777635921,30.215950664309887
364,23.526050848498443,92.73428374231048,17.18452430391728,0.5752150047450975,28.0,0.0,7.140034549994789,650.0,18.988261854754214,0.0,10.27657910128387,2.1703440184345326,32.34656257012661
365,19.682686105921963,15.9502968036774,8.397763541328418,0.3685221478868313,8.0,0.0,7.053164686494619,414.0,3.399003779525064,0.0,0.0623227428225127,6.088265059190228,43.77439006496176
366,20.963807686780797,57.95892733894404,7.08203764588868,0.3565051213253041,6.0,0.0,8.259319329708527,260.0,3.031827445317109,0.0,0.0635832861038722,4.080793164361923,64.30574115737745
367,20.26501409722143,76.96945550611768,5.297226865987817,0.4037720924673108,12.0,0.0,9.717173833833185,291.0,6.504266491683764,0.0,0.4883956406226445,3.379333867855673,96.84599571894196
368,24.45777563457759,89.85952094629884,23.27118670716894,0.4310106860067722,8.0,0.0,6.789213947397947,291.0,8.539472458436427,0.0,1.4948745698840709,4.389724805266639,26.148418844114325
369,22.943722857198978,41.174021981585845,6.84177465628664,0.3436869596596752,5.0,40.0,7.22801812969368,319.0,1.3113440507426943,0.0,0.0575678994156196,10.2651469387693,44.355466039275406
370,21.662601276340155,15.115688249996609,7.539681435606849,0.3717266883032385,7.0,20.0,6.949589080013647,207.0,7.301563674535322,0.0,0.1502549053979407,5.171043981734653,48.81038184234674
371,18.168633328543358,9.180694090488736,5.754870655705987,0.3212551767448247,5.0,60.0,7.573270151296922,249.0,3.073790454940876,0.0,0.0202706482083336,7.261644874417891,60.23820933718189
372,23.526050848498443,89.58131809507191,18.809159757416783,0.5928399770353372,28.0,0.0,6.961839958199568,650.0,18.988261854754214,0.0,9.199046313236394,2.566257546139708,24.40519092117337
373,23.526050848498443,91.06506663494888,20.28506097925788,0.5712093292245884,28.0,0.0,7.4117813024825026,650.0,18.988261854754214,0.0,5.043229757306466,2.749795164999199,29.44118269855835
374,22.24492926763962,8.253351253065631,4.107353012720575,0.3452892298678788,11.0,22.0,7.170104887360233,314.0,6.147580909881752,0.0,0.1984336111075512,8.63595868586514,48.03561387659521
375,20.14854849896154,33.10613929600484,6.6015116666846,0.3284653926817409,6.0,85.0,7.108850496430626,297.0,0.776315678039675,0.0,0.0190471797293669,10.72690984117979,47.84192188515732
376,21.546135678080255,44.512456196309024,11.006333142721983,0.3597096617417114,7.0,0.0,7.115532793622947,231.0,4.710347830267758,0.0,0.0468903563264562,5.580150735222984,46.29238595365425
377,23.526050848498443,82.53351253065631,16.74976270368502,0.6168740301583915,28.0,0.0,6.462895101172947,650.0,18.988261854754214,1.0,3.9136068718969272,2.2238174468299823,32.540254561564495
378,22.24492926763962,7.78967983435408,4.050147539005804,0.3452892298678788,11.0,22.0,9.1981820852296,314.0,6.147580909881752,0.0,0.3419594398711754,10.398947263968395,82.9001723354143
379,22.36139486589951,50.07651322084765,13.74075478628805,0.4686640358995571,10.0,0.0,6.355978346095814,375.0,10.165539081357366,0.0,0.1606358500679607,2.780735030773859,42.22485413345869
380,23.526050848498443,90.78686378372196,30.20449012139921,0.4782776571487788,28.0,0.0,6.2557438882110015,650.0,18.988261854754214,0.0,6.862443967224473,1.6984234997131178,33.31502252731603
381,22.943722857198978,62.87384437728649,7.699856762008209,0.3629142021581186,12.0,25.0,7.190151778937196,268.0,5.381755984248017,0.0,0.1022059614967054,8.43607547753979,42.99962209921022
382,24.690706831097376,89.02491239261805,19.667241863138354,0.4999083049595276,8.0,0.0,6.340386319313732,421.0,22.964257016606066,0.0,0.2401983760031851,2.08791554584242,31.37810261293719
383,23.526050848498443,55.36236739415935,17.951077651695215,0.4678629007954553,28.0,0.0,6.500761451929432,650.0,18.988261854754214,0.0,11.351562996666829,2.3322821083569973,19.75658312666416
384,21.662601276340155,9.087959806746426,33.808434965429804,0.3917550659057837,8.0,0.0,6.027432067473374,261.0,11.109706797892107,0.0,0.2683752258218106,4.188557300626115,45.90500197077848
385,22.36139486589951,6.12046272699249,7.688415667265254,0.3308687979940463,8.0,0.0,7.14671684718711,289.0,11.34050335082282,0.0,0.0818055514799966,6.173145370202219,46.8734619279679
386,23.526050848498443,89.95225523004115,29.380731299906508,0.5607945728712649,28.0,0.0,5.608674776754603,650.0,18.988261854754214,0.0,10.731208865627153,2.066549525326334,18.788123169474737
387,20.730876490261007,68.53063568556743,9.381697689222484,0.3917550659057837,6.0,0.0,7.133352252802469,254.0,3.5773465704260703,0.0,0.0364445307522486,3.610156941955682,42.61223811633445
388,20.26501409722143,19.84513672085444,4.301851623350797,0.4037720924673108,12.0,0.0,7.297068534014328,291.0,6.504266491683764,0.0,0.4094726550286981,3.940571357586955,61.01297730293343
389,21.662601276340155,82.16257539568707,27.435745193604287,0.3917550659057837,8.0,0.0,6.018522337883613,261.0,11.109706797892107,1.0,0.3482992310803662,4.279041813740687,37.3825543475116
390,17.3533741407241,59.81361301379025,4.301851623350797,0.3548227376066903,9.0,20.0,8.70926067399146,200.0,3.493420551178538,0.0,0.0331634107404744,5.481259918954543,87.93616411279929
391,23.526050848498443,89.76678666255653,4.267528339121935,0.5055162506882402,28.0,0.0,7.442965356046666,650.0,18.988261854754214,1.0,5.255334701796409,1.5840043734521116,96.84599571894196
392,23.526050848498443,65.84134145704043,20.74270476897605,0.464658360379048,28.0,0.0,6.599882193615524,650.0,18.988261854754214,0.0,14.436649990788386,3.395679457321531,36.99517036463583
393,20.49794529374122,45.43979903373213,6.921862319487319,0.3581073915335078,8.0,40.0,8.093375616099227,238.0,6.724572292208537,1.0,0.0970340265628919,5.589257563639677,64.30574115737745
394,20.730876490261007,83.27538680059479,15.994650450650038,0.3909539308016818,7.0,0.0,6.24126557762764,177.0,2.5807250918616225,0.0,0.0770043645701123,3.4884990546455104,51.13468573960135
395,15.140527773786127,58.237130190170966,11.955944006387188,0.5183344123538692,9.0,20.0,6.192262064883954,248.0,4.164828705158797,0.0,0.7059227749625538,2.319322390994781,44.161774047837525
396,17.70277093550378,19.93787100459675,5.834958318906666,0.3500960404924897,9.0,45.0,7.741441297303663,382.0,3.608818827643895,0.0,0.0840485770247687,7.56543933006191,71.66603683201704
397,23.526050848498443,88.09756955519494,17.356140725061593,0.5712093292245884,28.0,0.0,6.913950161654602,650.0,18.988261854754214,0.0,12.895913890344262,2.594512065073548,22.66196299823241
398,17.120442944204314,81.60616969323321,13.866606828460547,0.697788675672674,9.0,0.0,5.581945587985319,387.0,20.540893210833563,1.0,1.0441932719956328,1.879976296994612,29.63487468999624
399,17.120442944204314,87.07749243402954,3.79844345466081,0.4846867379815933,9.0,0.0,9.327373164281136,387.0,20.540893210833563,1.0,1.407934158272654,2.5242260303703583,96.84599571894196
400,24.341310036317697,50.44745035581689,14.873423165840522,0.4165902541329397,9.0,0.0,6.89947185107124,368.0,8.980084059485971,0.0,0.1000370855567191,3.2431984584471705,42.0311621420208
401,23.526050848498443,90.3231923650104,27.57303833051974,0.4678629007954553,28.0,0.0,6.862719216513476,650.0,18.988261854754214,0.0,5.925591516856966,2.5755978829773407,25.76103486123856
402,23.526050848498443,91.52873805366043,20.74270476897605,0.5712093292245884,28.0,0.0,6.888334689084038,650.0,18.988261854754214,0.0,8.64685420639612,2.6405132239988918,27.31057079274163
403,23.526050848498443,92.73428374231048,34.99830881869704,0.5551866271425523,28.0,0.0,6.0730944316209,650.0,18.988261854754214,0.0,35.54713516032782,1.7391707191672925,9.684599571894196
404,23.526050848498443,92.73428374231048,30.261695595113984,0.5928399770353372,28.0,0.0,6.851582054526275,650.0,18.988261854754214,0.0,14.067292271948835,2.234909096824672,16.851203255095896
405,17.70277093550378,61.76103297237877,14.22128076549213,0.4197947945493469,9.0,12.5,6.695661786705455,295.0,8.256222143476004,0.0,0.0818333575817912,6.492117873207391,44.355466039275406
406,23.526050848498443,31.99332789109711,9.164316889106352,0.4125845786124307,9.0,0.0,6.723504691673458,208.0,5.444700498683667,0.0,0.0367133230695973,6.98808975928571,40.86901019339351
407,17.120442944204314,86.24288388034873,11.223713942838115,0.4846867379815933,9.0,0.0,6.794782528391547,387.0,20.540893210833563,0.0,2.7101680549230687,2.6659656418814417,48.422997859470975
408,20.730876490261007,75.67117553372533,11.624152258841516,0.4382209019436885,10.0,0.0,7.47860427440571,416.0,10.501243158347496,0.0,0.0934655768325725,3.126093985345345,44.161774047837525
409,21.19673888330058,71.68360133280599,12.116119332788548,0.3717266883032385,8.0,28.0,6.959612525802127,254.0,15.778091618536097,0.0,0.0397998003688086,4.220664708505479,39.90055023620408
410,22.827257258939085,13.631939710119635,5.812076129420758,0.3949596063221909,9.0,0.0,7.1623088739691925,271.0,7.742175275584867,0.0,0.1778292896776812,6.323291284867171,47.64822989371944
411,19.100358114622495,86.9847581502872,20.502441779374013,0.4406243072559939,9.0,0.0,6.627725098583527,260.0,14.57165509185282,1.0,0.1025952469218312,3.373379403121682,41.64377815914504
412,22.36139486589951,65.47040432207118,16.131943587565488,0.4686640358995571,10.0,0.0,6.452871655384465,375.0,10.165539081357366,0.0,0.2487533866553533,3.3773490462776765,35.44563443313275
413,23.526050848498443,92.73428374231048,11.566946785126744,0.4782776571487788,28.0,0.0,6.41166415603182,650.0,18.988261854754214,0.0,47.39624200510775,1.649736993946955,29.053798715682586
414,24.690706831097376,91.06506663494888,19.404096684050405,0.4999083049595276,8.0,0.0,7.055392118892059,421.0,22.964257016606066,0.0,0.5169895819681907,2.464331120399036,35.058250450256985
415,21.19673888330058,49.70557608587841,9.335933310250669,0.3717266883032385,8.0,28.0,7.174559752155114,254.0,15.778091618536097,0.0,0.0389563486143695,4.28009260163492,44.355466039275406
416,24.690706831097376,91.62147233740274,17.607844809406586,0.4999083049595276,8.0,0.0,7.1623088739691925,421.0,22.964257016606066,0.0,0.3016313235682675,2.11617006477626,34.864558458819104
417,23.526050848498443,84.48093248924482,16.234913440252075,0.6168740301583915,28.0,0.0,6.961839958199568,650.0,18.988261854754214,0.0,3.5562521203320885,2.680092901348362,38.54470629613889
418,22.827257258939085,48.50003039722837,8.237588214927058,0.3949596063221909,9.0,0.0,7.156740292975592,271.0,7.742175275584867,0.0,0.1553434220263701,5.301108172198694,46.098693962216366
419,23.526050848498443,89.02491239261805,22.16140051710238,0.5551866271425523,28.0,0.0,7.133352252802469,650.0,18.988261854754214,0.0,5.442627334784885,1.957734601167908,24.211498929735487
420,23.526050848498443,70.9417270628675,26.01704944547796,0.5752150047450975,28.0,0.0,7.599999340066205,650.0,18.988261854754214,0.0,10.948467207649715,2.094570535839234,16.270127280782248
421,23.526050848498443,81.97710682820245,16.761203798427974,0.5712093292245884,28.0,0.0,7.101054483039585,650.0,18.988261854754214,0.0,3.423033086633698,2.997197336986007,34.28348248450545
422,21.89553247285994,44.97612761502057,12.047472764330822,0.3541017160129987,7.0,0.0,6.697889219102896,336.0,4.605440306208342,0.0,0.0288534649622965,9.356215410257128,33.89609850162968
423,24.341310036317697,83.46085536807942,14.106869818062588,0.4165902541329397,9.0,0.0,6.868287797507076,368.0,8.980084059485971,0.0,0.1293910603513202,2.826619435488732,38.932090279014666
424,23.526050848498443,78.54593832973697,19.621477484166533,0.5247434931866837,28.0,0.0,6.628838814782247,650.0,18.988261854754214,0.0,3.4989159384314243,3.352597153657949,36.80147837319794
425,23.526050848498443,92.73428374231048,22.630485401563504,0.4782776571487788,28.0,0.0,7.631183393630369,650.0,18.988261854754214,0.0,13.382427984745464,1.7110329544439224,53.26529764541807
426,23.526050848498443,91.62147233740274,19.58715419993767,0.5551866271425523,28.0,0.0,7.206857521917998,650.0,18.988261854754214,0.0,8.079294593963974,2.014827410087941,25.37365087836279
427,21.662601276340155,39.31933630673964,10.834716721577673,0.3917550659057837,8.0,0.0,6.884993540487879,261.0,11.109706797892107,0.0,0.1835388092461922,4.606420619899728,48.422997859470975
428,20.49794529374122,30.50957935122014,4.038706444262849,0.3581073915335078,8.0,40.0,7.526494070950676,238.0,6.724572292208537,1.0,0.052312546176422,4.760769686141616,62.75620522587438
429,21.662601276340155,39.04113345551271,14.873423165840522,0.3717266883032385,7.0,20.0,6.521922059705114,207.0,7.301563674535322,0.0,0.2772824470967117,5.171043981734653,40.86901019339351
430,19.333289311142288,21.23615097698909,10.880481100549488,0.3244597171612319,10.0,52.5,7.31154684459769,277.0,5.581080279960907,0.0,0.0398276064706033,8.54313908854116,48.03561387659521
431,18.168633328543358,17.434045343554367,5.01119949741396,0.3212551767448247,5.0,60.0,7.354981776347776,249.0,3.073790454940876,0.0,0.013337660160856,7.261644874417891,56.36436950842422
432,14.674665380746552,35.51723067330491,7.574004719835712,0.3236585820571301,6.0,80.0,8.101171629490267,313.0,1.5945943657031163,0.0,0.0349244638541385,8.533565243282586,67.01742903750782
433,23.526050848498443,81.60616969323321,8.912612804761359,0.6168740301583915,28.0,0.0,7.125556239411427,650.0,18.988261854754214,0.0,4.209769662112239,2.9401045280659748,48.422997859470975
434,22.36139486589951,73.90922414262144,16.395088766653437,0.4686640358995571,10.0,0.0,6.712367529686257,375.0,10.165539081357366,0.0,0.207971104023132,2.916753685971892,32.540254561564495
435,22.36139486589951,68.1596985505982,17.276053061860914,0.4686640358995571,10.0,0.0,6.202285510672435,375.0,10.165539081357366,0.0,0.1648253027383615,2.8019842970794744,33.89609850162968
436,17.120442944204314,85.130072475441,13.317434280798745,0.4846867379815933,9.0,0.0,6.519694627307674,387.0,20.540893210833563,0.0,2.0783763473451757,2.827786977593436,43.968082056399645
437,17.70277093550378,36.07363637575877,6.166750066452339,0.3500960404924897,9.0,45.0,8.002050887804174,382.0,3.608818827643895,0.0,0.0775790240072027,5.331814529552413,67.59850501182147
438,15.140527773786127,48.77823324845531,3.6153859387735423,0.460652684858539,9.0,20.0,8.319460004439414,248.0,4.164828705158797,0.0,0.5009732673344455,3.3531809247103004,84.2560162754795
439,19.333289311142288,29.025830811343177,8.168941646469332,0.3244597171612319,10.0,52.5,6.9150638778533216,277.0,5.581080279960907,0.0,0.0358791400157565,8.54313908854116,44.93654201358906
440,20.730876490261007,86.15014959660643,18.54601457832884,0.4382209019436885,10.0,0.0,6.585403883032162,416.0,10.501243158347496,0.0,0.1142738096756036,2.747693589210732,36.41409439032217
441,24.690706831097376,90.78686378372196,12.722497354165125,0.4999083049595276,8.0,0.0,7.096599618244704,421.0,22.964257016606066,0.0,0.5468996787986856,2.717337494488424,44.54915803071329
442,24.45777563457759,88.09756955519494,20.994408853321048,0.4310106860067722,8.0,0.0,6.349296048903493,291.0,8.539472458436427,0.0,1.0674947852995886,4.421715458935533,25.37365087836279
443,17.120442944204314,88.00483527145263,24.54114822363686,0.697788675672674,9.0,0.0,6.233469564236599,387.0,20.540893210833563,0.0,2.534034937454864,1.781318989147112,29.82856668143412
444,24.690706831097376,91.06506663494888,24.39241399197845,0.4999083049595276,8.0,0.0,6.523035775903835,421.0,22.964257016606066,0.0,0.2315321409438381,1.948160755909334,25.76103486123856
445,17.120442944204314,35.60996495704722,8.500733394015006,0.3324710682022499,6.0,82.5,6.862719216513476,332.0,2.1296227384061357,0.0,0.0319306735609096,7.32048899649498,46.67976993653002
446,23.526050848498443,72.98188130519834,16.612469566769565,0.5439707356851271,28.0,0.0,6.907267864462281,650.0,18.988261854754214,0.0,34.90768750605579,2.175014186853349,21.112427066729342
447,24.341310036317697,84.57366677298714,17.790902325293857,0.4165902541329397,9.0,0.0,6.937338201827725,368.0,8.980084059485971,0.0,0.244350753871193,2.971511410682516,37.576246338949474
448,22.827257258939085,50.35471607207458,7.860032088409568,0.3949596063221909,9.0,0.0,7.101054483039585,271.0,7.742175275584867,0.0,0.1683103341632968,5.301108172198694,44.74285002215118
449,22.36139486589951,39.504804874224256,15.548447755674822,0.4686640358995571,10.0,0.0,6.599882193615524,375.0,10.165539081357366,0.0,0.2591250626247751,2.780735030773859,47.45453790228155
450,20.49794529374122,26.05833373158924,5.274344676501909,0.3877493903852746,9.0,55.0,7.655685150002212,354.0,3.965504409445908,0.0,0.0282602681240097,7.54862672375417,60.43190132861977
451,24.341310036317697,79.00960974844851,16.120502492822535,0.4165902541329397,9.0,0.0,6.82373914955827,368.0,8.980084059485971,0.0,0.1215775457470105,2.477991363024074,39.51316625332832
452,18.750961319842823,17.063108208585124,9.919429142141333,0.3468915000760825,11.0,34.0,7.233586710687281,313.0,6.388868215218407,0.0,0.0858837797432187,6.411790976403745,51.13468573960135
453,23.526050848498443,90.23045808126808,28.49976700469903,0.4918969539185095,28.0,0.0,5.907150718011599,650.0,18.988261854754214,0.0,13.924739656748027,2.452655699351994,23.243038972546067
454,21.42967007982036,62.31743867483264,11.8529741537006,0.4358174966313831,8.0,0.0,7.107736780231905,288.0,10.38584488188214,0.0,0.3726203014501272,4.124342484867388,44.74285002215118
455,23.526050848498443,87.7266324202257,26.623427466854533,0.5928399770353372,28.0,0.0,7.382824681315778,650.0,18.988261854754214,0.0,10.344240615650962,2.480676709864894,25.95472685267644
456,20.26501409722143,84.66640105672946,24.552589318379816,0.4061754977796162,12.0,0.0,6.864946648910916,291.0,6.504266491683764,1.0,0.3778941920905213,3.55866833513823,42.0311621420208
457,17.120442944204314,92.73428374231048,30.68501610060329,0.697788675672674,9.0,0.0,6.0174086216848925,387.0,20.540893210833563,1.0,3.078181812175875,1.5430236455769963,25.95472685267644
458,20.730876490261007,60.46275299998643,15.57132994516073,0.4382209019436885,10.0,0.0,6.382707534865097,416.0,10.501243158347496,0.0,0.134173709860008,3.221482175299673,37.3825543475116
459,23.526050848498443,87.07749243402954,26.17722477187932,0.5928399770353372,28.0,0.0,6.266881050198203,650.0,18.988261854754214,0.0,8.70389378987764,2.12165751266837,24.79257490404914
460,19.333289311142288,43.77058192637054,11.566946785126744,0.4085789030919216,9.0,0.0,6.704571516295216,280.0,4.2487547244063295,0.0,0.0650848156007858,4.150495428012761,44.93654201358906
461,22.36139486589951,63.24478151225574,11.074979711179711,0.3997664169468017,9.0,0.0,6.607678207006565,263.0,6.252488433941166,0.0,0.0594772517388554,3.923291734437334,36.60778638176005
462,20.26501409722143,61.66829868863646,9.21008126807817,0.4061754977796162,12.0,0.0,7.490855152591632,291.0,6.504266491683764,1.0,0.4151543684954143,4.263747012169062,56.17067751698633
463,20.847342088520897,88.37577240642187,35.250012903042034,0.3589085266376096,7.0,0.0,6.012953756890012,217.0,7.249109912505614,0.0,0.2353045020873185,6.853472154613323,27.89164676705528
464,23.526050848498443,42.93597337268975,11.212272848095164,0.4125845786124307,9.0,0.0,6.536400370288476,208.0,5.444700498683667,0.0,0.0317638369501414,6.107529503917846,37.76993833038736
465,20.26501409722143,74.09469271010606,7.276536256518902,0.4037720924673108,12.0,0.0,7.9775491314323315,291.0,6.504266491683764,0.0,0.3822226752698957,3.7544651460971146,61.20666929437131
466,17.120442944204314,92.73428374231048,7.356623919719581,0.4846867379815933,9.0,0.0,6.755802461436343,387.0,20.540893210833563,0.0,1.244638191133001,2.051721740596592,47.06715391940579
467,20.49794529374122,39.69027344170888,3.4094462334003657,0.3581073915335078,8.0,40.0,7.633410826027809,238.0,6.724572292208537,0.0,0.0890166005454211,4.982252423403992,61.981437260122846
468,22.36139486589951,7.233274131900216,6.315484298110744,0.3308687979940463,8.0,0.0,6.754688745237623,289.0,11.34050335082282,0.0,0.084938372282199,6.173145370202219,44.161774047837525
469,23.526050848498443,86.79928958280259,21.37196497983853,0.4918969539185095,28.0,0.0,7.221335832501359,650.0,18.988261854754214,0.0,4.515164078123388,2.6915348139744624,32.34656257012661
470,24.45777563457759,79.47328116716007,18.889247420617465,0.4310106860067722,8.0,0.0,6.235696996634039,291.0,8.539472458436427,0.0,0.7790713600838016,5.200933059615078,26.92318680986586
471,23.526050848498443,38.85566488802808,15.262420387100969,0.4670617656913535,28.0,0.0,6.538627802685917,650.0,18.988261854754214,0.0,2.2046253181936946,4.347926797918231,39.90055023620408
472,15.140527773786127,82.90444966562556,8.306234783384783,0.5183344123538692,9.0,20.0,8.375145814375418,248.0,4.164828705158797,0.0,0.4950598363527734,2.4983065956459267,83.48124830972796
473,23.526050848498443,89.21038096010267,27.10395344605861,0.5375616548523126,28.0,0.0,7.105509347834465,650.0,18.988261854754214,0.0,21.91880854871125,1.6183301113304136,25.37365087836279
474,21.89553247285994,48.50003039722837,14.495867039323032,0.3541017160129987,7.0,0.0,6.568698140051359,336.0,4.605440306208342,0.0,0.0571137330863062,9.356215410257128,33.31502252731603
475,24.45777563457759,57.30978735274786,9.450344257680207,0.4310106860067722,8.0,0.0,6.625497666186087,291.0,8.539472458436427,0.0,0.5837056888742653,5.496204457894756,39.51316625332832
476,23.526050848498443,92.73428374231048,26.29163571930886,0.5551866271425523,28.0,0.0,6.32924915732653,650.0,18.988261854754214,0.0,62.95375595924035,1.6642145160452864,9.684599571894196
