TAX,RAD,RM,PTRATIO,CHAS,AGE,ZN,CRIM,LSTAT,NOX,DIS,B,MEDV
304.0,3.0,5.956343076722772,16.27360729232454,0.0,60.202936594431954,18.0,0.005428288317444009,4.774792084331782,0.49844915379926674,4.357303659010913,527.5914390757831,36.627322198369185
674.0,26.0,5.633839938272079,21.485416163722597,0.0,92.33579232274839,0.0,4.866881340714432,15.90638567852696,0.6855992078279877,2.1358245417078434,525.9830096444864,28.080947018749708
232.0,7.0,5.316772245975049,21.485416163722597,0.0,42.751471845432505,0.0,0.029434721620064275,9.39617719406656,0.4771399892316401,5.57298072632078,527.5914390757831,29.759699286174968
241.0,5.0,6.13299507671683,19.03905689755616,0.0,2.677737977359703,0.0,0.1094590289833963,4.640560981559402,0.41506546636072766,6.094791809984239,512.3180058810723,40.59528210319252
399.0,8.0,5.459905661354851,20.421781700171973,0.0,73.59162648123046,0.0,0.19272141339684917,13.739512162344264,0.5419939683505037,2.661470904875566,527.5914390757831,25.639125538858433
196.0,4.0,5.439069784432474,20.31541825381691,0.0,77.65440134343139,0.0,0.06154064207988343,13.681984546870387,0.5382880266865686,2.341011995185961,502.02937464285975,30.98061002612061
674.0,26.0,4.882842461374256,21.485416163722597,0.0,91.32009860719816,0.0,7.001581488740669,19.990846377172222,0.6485397911886369,1.84104069758845,527.5914390757831,17.55059188671857
313.0,6.0,5.4943301536613856,20.421781700171973,0.0,7.202191801174374,0.0,0.07871018060293813,5.292540623596674,0.3826384768012958,5.632853700804011,519.6290487506031,34.79595608845073
206.0,3.0,7.177506645912474,14.465428704288481,1.0,22.8992764960416,90.0,0.012892184753929522,3.0297877482908495,0.3715206518094906,6.269616634053601,525.7570319557917,76.30692124660247
674.0,26.0,6.181914092099801,21.485416163722597,0.0,70.63688112690252,0.0,10.145659824706309,21.80296626459934,0.6652165286763447,1.911247619624836,64.40364127795841,12.819562769429217
674.0,26.0,6.396614215169504,21.485416163722597,0.0,71.09856008851627,0.0,4.922529885032027,6.721143074531283,0.4928902413033641,3.6335011881228905,525.4380046305758,38.153460623301235
674.0,26.0,5.75070203057584,21.485416163722597,0.0,79.50111718988636,0.0,7.29394463120503,16.913118949319806,0.54106748293452,2.1868550662229103,110.92845953860949,22.129007161514718
445.0,6.0,5.2741945844380185,22.54905062727322,0.0,88.08834587590196,0.0,0.2832845020347125,14.41066767620616,0.5781268995738706,2.63132134655038,516.6780459923561,28.080947018749708
273.0,3.0,5.982614399798811,16.59269763138973,0.0,17.3591289566767,60.0,0.01235966279873723,4.199515929593013,0.3715206518094906,6.626084556866571,500.7399725367788,44.410628165522645
440.0,8.0,5.191756984440791,18.9326934512011,0.0,60.202936594431954,0.0,0.12433528747360677,13.04918077665774,0.5067875225431206,2.9395286689346976,520.4133242584255,29.45447160118856
674.0,26.0,6.030627507489504,21.485416163722597,0.0,92.33579232274839,0.0,12.068235864226352,20.345600005927793,0.553111793342309,1.6273304007675236,46.591282286737716,26.249580908831252
297.0,6.0,5.2452055382851475,17.018151416809978,0.0,53.55475954719407,0.0,0.12113156667865958,15.1872904851035,0.4048741267849062,6.733046240818821,527.5914390757831,30.98061002612061
293.0,3.0,6.421073722860989,16.27360729232454,0.0,19.205844803131665,90.0,0.007781691796842204,7.5265296911655595,0.37059416639350684,7.78487164486319,524.6936075384056,49.141657282812
287.0,7.0,5.40464529212594,20.421781700171973,0.0,27.885409281470015,0.0,0.15035156170388828,9.712579079172881,0.46231622257589977,4.0987418990984565,522.9788356653701,37.69561909582162
312.0,6.0,5.23795827674693,19.57087412933147,0.0,66.2047630954106,0.0,0.21062102234234492,15.283169844226627,0.5040080662951694,4.2951934381501955,527.5914390757831,30.217540813654583
272.0,7.0,6.354036553632474,13.827248026158108,0.0,78.11608030504513,20.0,0.6748427422493288,14.180557214310653,0.5994360641414973,2.2722965707345666,510.5367699819502,46.85244964541392
315.0,10.0,6.7145878151588105,18.50723966578085,0.0,71.00622429619352,0.0,0.3976392973803605,5.033666353964228,0.4669486496558186,3.911452416640237,499.9955754446084,48.37858807034597
411.0,7.0,5.322207692128712,15.635426614194166,0.0,87.34965953731997,0.0,1.0370607405456085,13.835391521467391,0.5605236766701791,2.5844457081649326,388.5354036973058,26.55480859381766
399.0,8.0,5.04499993829188,20.421781700171973,0.0,67.86680735722007,0.0,0.15273932143846014,14.47778322759235,0.5419939683505037,2.556746467300805,526.089352086225,26.707422436310868
674.0,26.0,5.830421907496237,21.485416163722597,0.0,81.16316145169584,0.0,4.793616626556525,15.551632049771385,0.6605841015964259,2.4671500766595287,133.18061547241803,21.82377947652831
312.0,6.0,5.545966892121187,19.57087412933147,0.0,48.75329834641115,0.0,0.6788881912960315,5.733585675563064,0.5040080662951694,2.812857909752204,527.5914390757831,33.727659190998295
445.0,6.0,5.82589236903485,22.54905062727322,0.0,91.2277628148754,0.0,0.2795139030293994,14.755833369049423,0.5781268995738706,1.930956694855081,527.5914390757831,27.470491648776893
304.0,7.0,5.930071753646732,17.656332094940353,0.0,30.56314725882972,0.0,0.05723752111937798,5.11036984126273,0.47250756215172124,3.337012775334935,519.6955127766898,44.868469693002254
674.0,26.0,5.79327969211287,21.485416163722597,1.0,84.02557101370104,0.0,3.3065318885544626,12.723190955639105,0.7133937703075007,2.6689283928005234,520.2006393749483,33.11720382102548
304.0,7.0,5.307713169052276,17.656332094940353,0.0,63.434689325728144,0.0,0.07255182186305309,9.242770219469554,0.47250756215172124,2.878483803491831,522.7129795610235,34.490728403464324
251.0,6.0,5.898364984417029,17.86905898765048,0.0,19.48285218009991,21.0,0.046037381932752995,5.062430161701166,0.40672709761687376,7.260077566029749,527.5914390757831,38.153460623301235
315.0,6.0,4.942632369064554,22.336323734563095,0.0,33.79489999012591,0.0,0.6894527397619432,11.20829708149368,0.49844915379926674,4.044621843871622,384.1487779755873,30.8279961836274
674.0,26.0,3.225937292199207,21.485416163722597,0.0,81.16316145169584,0.0,3.9130658064546893,6.826610369566724,0.6652165286763447,1.7186313600773608,471.4958010586553,41.968806685631364
285.0,6.0,5.238864184439207,19.7836010220416,0.0,67.12812101863808,0.0,0.216435818530493,17.315812257636942,0.4530513684160621,4.6395163091996645,517.6617135784385,34.338114560971114
337.0,9.0,6.325047507479603,17.124514863165043,0.0,16.343435241126464,34.0,0.08589063793424066,4.659736853384028,0.40116818512097113,5.850612348212771,518.9909941001714,50.515181865250845
674.0,26.0,6.190067261330296,21.485416163722597,0.0,87.07265216035172,0.0,8.642573660857098,18.878645811343933,0.54106748293452,2.2246751835566236,108.11038483253576,21.5185517915419
338.0,9.0,6.085887876718415,20.31541825381691,0.0,16.158763656480968,22.0,0.16381921373197722,6.2896859584772065,0.39931521428900363,8.33800417781147,523.3909126271072,39.9848267332197
315.0,10.0,7.471020738210296,18.50723966578085,0.0,65.00439779521487,0.0,0.28470169756062746,3.787234685363562,0.4697281059037699,3.8905714504503557,503.7308537106778,73.71248592421799
232.0,6.0,7.278062399755247,15.635426614194166,0.0,29.455117750956735,95.0,0.017255429160988947,2.7613255427460905,0.3855105815908455,5.452489028561823,519.1505077627794,76.30692124660247
284.0,4.0,7.08419815360792,19.145420343911226,0.0,34.071907367094155,0.0,0.07031866527676282,3.422893120695675,0.4122860101127764,3.7236302564730916,523.1117637175433,66.84486301202377
232.0,7.0,5.468964738277623,21.485416163722597,0.0,31.855848351348193,0.0,0.034021281685752726,7.679936665762565,0.4771399892316401,6.376471782464064,527.5914390757831,32.201520766066245
313.0,6.0,5.400115753664553,20.421781700171973,0.0,16.158763656480968,0.0,0.13635997678440048,9.472880681365062,0.3826384768012958,5.632853700804011,501.0589998619947,33.11720382102548
674.0,26.0,3.7486460306431675,21.485416163722597,0.0,92.33579232274839,0.0,15.888221986351706,36.405392659051756,0.6188922578771564,1.211309110096677,527.5914390757831,21.060710264062283
411.0,7.0,5.171827015210692,15.635426614194166,0.0,90.95075543790716,0.0,1.8459444123551132,15.139350805541934,0.8069687973218611,1.7292849142558715,348.20503266792997,29.607085443681758
315.0,10.0,5.418233907510098,18.50723966578085,0.0,62.880674571791644,0.0,0.46123272570687235,11.16994533784443,0.4669486496558186,3.911452416640237,502.93328539763814,37.08516372584881
674.0,26.0,4.916361045988514,21.485416163722597,0.0,88.08834587590196,0.0,6.919169421642765,17.392515744935448,0.54106748293452,2.5886005942945522,468.67772635258154,21.060710264062283
281.0,3.0,6.319612061325939,22.336323734563095,0.0,84.02557101370104,0.0,0.05218715160884462,5.407595854544427,0.5308761433586985,2.309157868192214,527.5914390757831,36.47470835587598
304.0,7.0,5.45356430750891,17.656332094940353,0.0,43.58249397633724,0.0,0.06031240595742379,9.693403207348256,0.47250756215172124,3.787231974918801,522.7129795610235,35.40641145842355
338.0,9.0,7.481891630517623,20.31541825381691,0.0,7.756206555110865,22.0,0.3168849195945875,3.3941293129587367,0.39931521428900363,9.488801100174207,527.5914390757831,65.31872458709172
230.0,9.0,6.204561784406732,19.57087412933147,0.0,64.91206200289211,33.0,0.04236126262916749,7.21971574197155,0.43730111634433805,3.3907066883946295,527.5914390757831,43.0371035830838
356.0,4.0,5.582203199812276,15.635426614194166,0.0,35.45694425193538,82.5,0.029589324768345908,7.123836382848421,0.3844914476332633,6.679778469926266,523.4307910427592,36.779936040862395
674.0,26.0,5.603039076734652,21.485416163722597,0.0,89.28871117609769,0.0,8.789188979810847,17.287048449900006,0.568862045414033,2.3123539344457673,504.72781410197746,22.281621004007924
285.0,6.0,5.399209845972276,19.7836010220416,1.0,85.04126472925127,0.0,0.14984480694007624,16.55836532056423,0.4530513684160621,4.130489490550419,522.7395651714581,33.11720382102548
272.0,7.0,6.525253107472871,13.827248026158108,0.0,75.53067812000818,20.0,0.46390392454662716,9.19483053990799,0.5994360641414973,2.250137178043264,522.1413889366784,51.58347876270327
674.0,26.0,4.669954153689108,21.485416163722597,0.0,92.33579232274839,0.0,24.612649425160132,19.25257531192413,0.553111793342309,1.6932759011325051,280.43831166998734,24.87605632639241
241.0,5.0,5.074894892137029,19.03905689755616,0.0,57.248191240104,0.0,0.18876185498808068,15.53245617794676,0.41506546636072766,6.485564177252014,527.5914390757831,29.607085443681758
674.0,26.0,5.586732738273662,21.485416163722597,0.0,77.56206555110865,0.0,3.7352034734204644,15.618747601157574,0.5373615412705849,3.231649124509463,527.5914390757831,30.370154656147783
319.0,7.0,5.77697335365188,16.167243845969477,0.0,87.07265216035172,12.5,0.1931594556503138,19.607328940679707,0.485478357975494,6.761491230475444,521.769190390593,22.892076373980743
232.0,7.0,5.421857538279207,21.485416163722597,0.0,41.92044971452777,0.0,0.047214083672452084,9.338649578592682,0.4771399892316401,5.126703341782963,527.5914390757831,28.996630073708943
360.0,5.0,5.448128861355246,19.996327914751724,0.0,44.78285927653297,0.0,0.026737755588929116,10.096096515665394,0.40950655386482504,8.537332176491407,512.6237404010708,26.707422436310868
272.0,7.0,6.76713046131089,13.827248026158108,0.0,48.56862676176566,20.0,0.46423889803457075,3.0297877482908495,0.532729114190666,3.0597007600682993,518.8181876323462,66.38702148454415
359.0,6.0,5.902894522878415,19.03905689755616,0.0,25.577014473401302,85.0,0.016061549293703004,6.097927240230951,0.39746224345703607,9.093128097984316,521.6495551436371,35.253797615930345
674.0,26.0,5.618439507503365,21.485416163722597,0.0,72.66826855800298,0.0,32.34804616815578,13.921682944678206,0.6290835974529779,1.9846506079147752,25.01705941901295,16.63490883175934
674.0,26.0,6.355848369017028,21.485416163722597,1.0,90.02739751467968,0.0,5.616182676988954,2.838029030044593,0.584612297485757,1.2809833544241374,521.1444285453787,76.30692124660247
312.0,6.0,5.537813722890692,19.57087412933147,0.0,54.29344588577605,0.0,0.40838421618593407,12.205442416374213,0.5040080662951694,4.263445846698233,526.7008211262222,32.04890692357304
674.0,26.0,5.813209661342969,21.485416163722597,0.0,90.76608385326166,0.0,6.464137999994746,18.514304246676044,0.6605841015964259,2.327801588004608,404.38042751636175,19.839799524116643
406.0,7.0,5.682758953655048,19.889964468396663,0.0,5.540147539364903,0.0,0.06781924771287642,6.500620548548088,0.4048741267849062,4.529358558993863,524.9594636427521,36.779936040862395
674.0,26.0,5.802338769035643,21.485416163722597,0.0,88.64236062983845,0.0,5.043541204817578,18.571831862149924,0.6420543932767505,1.7863879646526895,527.5914390757831,19.076730311650618
315.0,6.0,6.046027938258217,22.336323734563095,0.0,80.60914669775934,0.0,0.8610106999717955,11.486347222950753,0.49844915379926674,4.516041616270725,505.43233277849595,32.04890692357304
315.0,10.0,6.489016799781782,18.50723966578085,0.0,73.77629806587596,0.0,0.35419581271322165,6.097927240230951,0.4669486496558186,3.4258634171837152,494.59869652637286,48.22597422785277
674.0,26.0,6.312364799787722,21.485416163722597,0.0,84.85659314460578,0.0,76.42222578964584,16.500837705090355,0.6216717141251078,1.5090759493860537,527.5914390757831,15.871839619293317
262.0,6.0,6.583231199778613,18.719966558490977,1.0,45.24453823814671,40.0,0.08991890885335654,5.800701226949253,0.4141389809447439,5.100069456336686,517.4224430845265,50.66779570774405
674.0,26.0,5.873905476725543,21.485416163722597,0.0,86.42630161409248,0.0,4.184085125392393,17.910264284200338,0.568862045414033,2.4559638447720924,526.6742355157875,25.486511696365227
255.0,5.0,5.787844245959207,19.677237575686537,0.0,44.321180314919225,0.0,0.04345207373093235,9.223594347644926,0.41599195177671144,5.091759684077448,527.5914390757831,36.47470835587598
411.0,7.0,5.326737230590098,15.635426614194166,0.0,89.84272593003418,0.0,1.9874234711603944,11.534286902512315,0.5605236766701791,2.5448144866208726,462.76242803087024,29.14924391620215
308.0,8.0,6.248045353636039,17.656332094940353,0.0,50.13833523125237,30.0,0.09730550371570124,10.911071068211983,0.3965357580410523,6.750198463046223,520.0810041279924,33.57504534850509
674.0,26.0,7.953869538194057,21.485416163722597,1.0,76.54637183555842,0.0,2.984081255621736,5.072018097613479,0.6652165286763447,2.0291824643809506,471.29640898039537,33.42243150601188
295.0,7.0,5.821362830573465,20.847235485592226,0.0,48.29161938479741,0.0,0.14395270917778732,6.903313856865227,0.4567573100799972,4.83713973921104,527.5914390757831,36.32209451338278
674.0,26.0,5.318584061359603,21.485416163722597,0.0,38.68869698323157,0.0,2.0429689467124676,12.790306507025296,0.5401409975185362,3.967383576077419,492.8041678220335,31.438451553600224
674.0,26.0,5.801432861343366,21.485416163722597,0.0,92.33579232274839,0.0,8.241816533319724,19.473097837907325,0.6420543932767505,1.7461175298579188,499.9556970289564,18.4662749416778
315.0,10.0,6.66566879977584,18.50723966578085,0.0,66.11242730308784,0.0,0.43961405213882393,4.535093686523962,0.4697281059037699,4.419094273246276,518.5124531123475,48.073360385359564
292.0,10.0,5.848540061341781,20.953598931947283,0.0,62.6036671948234,25.0,0.09471160645008718,6.4526808689865245,0.4196978934406465,7.697725571682972,527.5914390757831,33.8802730334915
230.0,9.0,6.721835076697029,19.57087412933147,0.0,66.3894346800561,33.0,0.06444374564206076,6.203394535266391,0.43730111634433805,3.3017495110040644,527.5914390757831,50.973023392730454
674.0,26.0,5.088483507521187,21.485416163722597,0.0,90.39674068397068,0.0,6.35924835294945,25.31215080850583,0.553111793342309,1.549772526347965,418.2448233580358,26.249580908831252
440.0,8.0,5.454470215201187,18.9326934512011,0.0,76.26936445859016,0.0,0.12967768515311653,9.8755739896822,0.5067875225431206,2.9269574750040546,524.4144586288415,29.30185775869535
295.0,7.0,5.170921107518415,20.847235485592226,0.0,68.60549369580205,0.0,0.24386069922289608,11.256236761055245,0.4567573100799972,5.02964946321673,519.9214904653844,28.233560861242918
674.0,26.0,6.005262092105741,21.485416163722597,0.0,87.34965953731997,0.0,9.585738756012994,22.31112686795192,0.6855992078279877,2.263560656308188,146.02146531235772,20.450254894089465
674.0,26.0,5.270570953668909,21.485416163722597,0.0,85.31827210621951,0.0,18.939830461517342,21.198926302123635,0.6855992078279877,1.988166280793684,520.3468602323389,16.02445346178652
674.0,26.0,5.929165845954454,21.485416163722597,0.0,91.50477019184365,0.0,13.634623428233098,20.211368903155414,0.6216717141251078,1.6184879507993595,527.5914390757831,16.63490883175934
674.0,26.0,5.851257784418612,21.485416163722597,0.0,87.53433112196547,0.0,9.166077099066294,22.991870317726132,0.6855992078279877,2.1178200351461602,57.23881926581815,18.008433414198187
315.0,10.0,6.296964369019008,18.50723966578085,1.0,81.71717620563233,0.0,0.30756578537872237,9.309885770855745,0.4697281059037699,3.048727599264433,520.6791803627722,40.74789594568572
406.0,7.0,5.694535753654652,19.889964468396663,0.0,41.55110654523678,0.0,0.08169917480304971,8.571614705607656,0.4048741267849062,4.796869304416269,509.4201743436946,32.65936229354586
440.0,8.0,5.594885907504158,18.9326934512011,0.0,66.94344943399258,0.0,0.11301490139387385,11.543874838424628,0.5067875225431206,2.9085268262752315,522.8060291975448,32.35413460855945
255.0,5.0,5.449034769047524,19.677237575686537,0.0,41.64344233755953,0.0,0.04456006296028405,12.330085583234279,0.41599195177671144,4.716541505910297,526.3817938010062,34.338114560971114
674.0,26.0,4.192540799859009,21.485416163722597,0.0,92.33579232274839,0.0,16.15688790181001,32.953735730619144,0.553111793342309,1.655455783798792,38.26998622068984,27.317877806283686
260.0,5.0,5.974461230568315,19.464510682976414,0.0,20.12920272635915,75.0,0.02373158326123069,4.1419883141191365,0.3965357580410523,5.754091147355463,525.9032528131823,47.00506348790713
295.0,7.0,5.776067445959603,20.847235485592226,0.0,50.13833523125237,0.0,0.1559688094247876,6.586911971758904,0.4567573100799972,4.83713973921104,527.5914390757831,35.253797615930345
406.0,7.0,6.296964369019008,16.167243845969477,0.0,19.852195349390904,45.0,0.07788563047876942,4.889847315279535,0.4048741267849062,6.9032900365914225,502.04266744807705,56.467121722485835
224.0,7.0,6.171043199792474,15.848153506904293,0.0,29.732125127924984,20.0,0.1806967240860555,4.650148917471715,0.41034039073921047,4.36870296198192,527.5914390757831,53.56745871511494
292.0,10.0,6.125747815178612,20.953598931947283,0.0,40.0737338680728,25.0,0.10865165698681443,9.108539116697175,0.4196978934406465,8.502495054327678,525.8367887870958,38.153460623301235
445.0,6.0,5.572238215197227,22.54905062727322,0.0,90.39674068397068,0.0,0.4676917016795272,17.699329694129457,0.5781268995738706,1.7777585857680958,527.5914390757831,27.165263963790483
406.0,7.0,5.939130830569504,16.167243845969477,0.0,26.869715565919783,45.0,0.10804183345748133,4.372098776014643,0.4048741267849062,4.865158586700523,508.9017549402187,45.47892506297508
315.0,6.0,5.522413292121979,22.336323734563095,0.0,89.47338276074319,0.0,1.38526138673102,19.501861645644265,0.49844915379926674,4.005523300036487,330.0736463514934,20.602868736582668
250.0,4.0,5.8168332921120784,18.9326934512011,0.0,72.85294014264848,0.0,0.023456733219841125,8.763373423853913,0.43452166009638676,5.291726896008095,527.5914390757831,32.964589978532274
411.0,7.0,5.553214153659405,15.635426614194166,0.0,92.33579232274839,0.0,2.0436303046245614,26.654461836229626,0.8069687973218611,1.5118458734724665,229.84589501283364,21.060710264062283
419.0,6.0,5.95996670749188,19.464510682976414,0.0,33.14854944386667,60.0,0.06828305715772132,5.263776815859735,0.38078550596932825,11.410276131810413,492.8706318481201,36.779936040862395
272.0,7.0,6.637585661315247,13.827248026158108,0.0,87.25732374499722,20.0,0.7088210786161144,10.786427901351917,0.5994360641414973,2.2146608426288235,522.9655428601527,47.310291172893535
674.0,26.0,5.807774215189306,21.485416163722597,0.0,92.33579232274839,0.0,9.523038590320999,14.401079740293847,0.6652165286763447,1.980389186243371,423.708166302358,25.486511696365227
304.0,7.0,6.214526769021782,17.656332094940353,0.0,68.69782948812481,0.0,0.057048561715922645,6.634851651320468,0.47250756215172124,3.1058306496612507,520.107589738427,45.63153890546828
674.0,26.0,4.562151138308118,21.485416163722597,0.0,89.56571855306593,0.0,9.94433216938845,24.621819422819307,0.6485397911886369,1.8856790895964102,527.5914390757831,14.803542721840879
411.0,7.0,4.89461926137386,15.635426614194166,1.0,92.33579232274839,0.0,2.8524710311150994,25.71484411682297,0.8069687973218611,1.4079737202319862,527.5914390757831,20.450254894089465
273.0,3.0,6.160172307485147,16.59269763138973,0.0,9.14124343995209,60.0,0.018784282516218432,4.822731763893346,0.3715206518094906,6.626084556866571,522.8990788340661,47.462905015386745
252.0,5.0,6.752635938234454,16.911787970454917,0.0,31.57884097437995,90.0,0.013209980114286212,2.981848068729285,0.3650352538976043,6.750198463046223,513.5542367662838,67.15009069701019
674.0,26.0,5.803244676727919,21.485416163722597,0.0,89.75039013771143,0.0,8.352160235873843,18.715650900834614,0.6855992078279877,2.2000654734042637,513.0491101680253,26.09696706633805
411.0,7.0,7.586976922821781,15.635426614194166,1.0,86.70330899106074,0.0,1.3046959683487025,3.1831947228878543,0.5605236766701791,2.303298413394033,516.3590186671403,76.30692124660247
674.0,26.0,5.61028633827287,21.485416163722597,0.0,85.50294369086501,0.0,7.425039511884062,14.54489877897854,0.6420543932767505,1.908264624454853,527.5914390757831,21.060710264062283
411.0,7.0,5.724430707499801,15.635426614194166,0.0,88.73469642216119,0.0,1.9758282350392717,10.642608862667224,0.5605236766701791,2.237246377487266,394.9159502016236,36.32209451338278
241.0,5.0,5.497953784430494,19.03905689755616,0.0,36.93431692909935,0.0,0.10537922368151985,9.156478796258739,0.41506546636072766,6.094791809984239,517.6085423575691,32.35413460855945
295.0,7.0,5.510636492122376,20.847235485592226,0.0,40.35074124504105,0.0,0.20702220461290025,12.26297003184809,0.4567573100799972,5.769858407539659,527.5914390757831,33.8802730334915
201.0,5.0,5.57405003058178,18.9326934512011,0.0,63.52702511805089,0.0,0.051938068758835325,12.608135724691351,0.45212488300007836,3.494046163926184,514.5777827680182,45.17369737798867
674.0,26.0,5.000610461370296,21.485416163722597,0.0,92.33579232274839,0.0,6.864792058766597,23.547970600640273,0.6485397911886369,1.6332963911074894,527.5914390757831,18.771502626664212
285.0,6.0,,19.7836010220416,1.0,49.67665626963863,0.0,0.18654587652937726,15.369461267437444,0.4530513684160621,3.8913171992428515,519.6689271662551,34.185500718477904
378.0,7.0,6.227209476713662,18.719966558490977,0.0,25.9463576426923,55.0,0.026188055506149974,4.420038455576208,0.44841894133614324,6.8879489185743665,515.7209640167085,47.61551885787994
674.0,26.0,5.538719630582969,21.485416163722597,0.0,73.6839622735532,0.0,4.888680384622142,14.362727996644598,0.5401409975185362,3.7776437761581416,521.9818752740704,29.14924391620215
284.0,7.0,5.333984492128316,17.443605202230227,1.0,51.7080437007391,0.0,0.03916613089801374,12.953301417534613,0.5095669787910719,3.315492595894343,522.1413889366784,35.55902530091676
337.0,4.0,6.589572553624553,13.401794240737857,0.0,35.36460845961263,80.0,0.03236359237362188,6.347213573951084,0.37430010805744196,7.786682749073537,521.3438206236386,52.80438950264892
338.0,9.0,6.302399815172672,20.31541825381691,0.0,6.27883387794689,22.0,0.07061069344573925,3.3845413770464234,0.39931521428900363,9.488801100174207,513.2219166358506,45.17369737798867
301.0,8.0,5.624780861349306,17.656332094940353,0.0,28.901102997020246,52.5,0.03324826594434456,6.84578624139135,0.3752265934734257,7.795418663499916,527.5914390757831,35.40641145842355
392.0,7.0,5.2868772921299,22.229960288208034,0.0,84.85659314460578,0.0,0.14704477214342,17.891088412375712,0.4817724163115589,2.3555008288687356,525.9564240340518,29.759699286174968
315.0,6.0,5.390150769049504,22.336323734563095,0.0,75.71534970465368,0.0,1.192153465463467,26.568170413018812,0.49844915379926674,4.250768117225806,309.1906493550697,20.145027209103052
411.0,7.0,5.324019507513266,15.635426614194166,0.0,73.12994751961672,0.0,1.5462719766025477,11.639754197547758,0.5605236766701791,2.5844457081649326,302.5575395516226,36.32209451338278
260.0,5.0,6.363095630555247,19.464510682976414,0.0,14.589055186994246,75.0,0.028850665282111436,1.8984113106379374,0.3965357580410523,5.754091147355463,525.8899600079651,53.262231030128525
674.0,26.0,4.939914645987722,21.485416163722597,0.0,92.33579232274839,0.0,32.9406056792641,29.3294959557649,0.6420543932767505,1.5869534304309676,527.5914390757831,7.630692124660248
284.0,7.0,5.391056676741781,17.443605202230227,1.0,86.61097319873798,0.0,0.09507234712941098,17.181581154864567,0.5095669787910719,3.0781314087971228,527.5914390757831,32.811976136039064
366.0,7.0,6.378496061323959,15.741790060549231,0.0,9.233579232274838,70.0,0.04776378375523123,4.544681622436275,0.37059416639350684,8.339389139854678,493.9340562655064,44.258014323029435
674.0,26.0,5.779691076728712,21.485416163722597,0.0,88.82703221448395,0.0,20.311589839965098,22.71382017626906,0.6216717141251078,1.476689144683381,527.5914390757831,19.99241336660985
674.0,26.0,5.550496430582573,21.485416163722597,1.0,77.00805079717216,0.0,4.46783343687195,11.006950427335111,0.7133937703075007,2.9006431961831334,525.6373967088358,34.64334224595753
674.0,26.0,5.779691076728712,21.485416163722597,0.0,88.27301746054745,0.0,8.021232196977007,23.087749676849256,0.6290835974529779,2.096832533414494,80.71391327962094,14.498315036854471
411.0,7.0,6.784342707464157,15.635426614194166,0.0,83.84089942905554,0.0,1.2568892392745041,1.658712912830117,0.5605236766701791,2.0997089930426918,497.7225057524452,76.30692124660247
674.0,26.0,6.624902953623365,21.485416163722597,0.0,90.39674068397068,0.0,16.842381083163186,12.886185866148423,0.6216717141251078,1.4023273365173754,527.5914390757831,22.892076373980743
392.0,7.0,5.3004659075140586,22.229960288208034,0.0,89.28871117609769,0.0,0.11390816402838995,15.791330447579206,0.4817724163115589,2.2445973298704387,523.8029895888444,29.759699286174968
674.0,26.0,5.582203199812276,21.485416163722597,0.0,89.93506172235693,0.0,5.491091551901526,23.106925548673885,0.54106748293452,2.3501740517794807,402.4529707598491,20.29764105159626
674.0,26.0,5.776067445959603,21.485416163722597,0.0,81.62484041330958,0.0,3.1720357386132347,14.046326111538274,0.6605841015964259,2.734873893165505,520.3202746219043,27.012650121297277
440.0,8.0,5.370220799819405,18.9326934512011,0.0,81.44016882866408,0.0,0.14716501903652793,15.110586997804996,0.5067875225431206,2.624076929708993,458.48214475089037,27.92833317625651
278.0,6.0,5.661017169040394,19.35814723662135,0.0,71.37556746548451,28.0,0.036881439928962936,10.15362413113927,0.429889233016468,3.851259835531651,527.5914390757831,31.438451553600224
201.0,5.0,7.034373230532672,18.9326934512011,0.0,76.9157150048494,0.0,0.05658475227107774,7.248479549708487,0.45212488300007836,2.920139200329808,525.810203176661,60.740309312295565
410.0,5.0,6.318706153633662,18.081785880360602,0.0,14.127376225380504,95.0,0.027055550949285807,4.372098776014643,0.3733736226414582,8.153591154981449,527.5914390757831,53.262231030128525
338.0,9.0,5.533284184429306,20.31541825381691,0.0,32.225191520639186,22.0,0.29188215489193003,8.782549295678539,0.39931521428900363,8.581970568499369,518.6586739697382,37.08516372584881
338.0,9.0,5.640181292118019,20.31541825381691,0.0,73.12994751961672,22.0,0.16883522698733686,9.731754950997507,0.39931521428900363,8.581970568499369,499.9955754446084,31.285837711107014
201.0,5.0,7.094163138222969,18.9326934512011,0.0,49.491984684993135,0.0,0.048115935370761614,4.2666314809792025,0.45212488300007836,3.408285052789172,521.9154112479837,76.30692124660247
445.0,6.0,5.1066016613667315,22.54905062727322,0.0,87.44199532964272,0.0,0.7569112467954957,17.584274463181703,0.5781268995738706,2.1092971918033516,527.5914390757831,21.82377947652831
272.0,7.0,7.516316122824158,13.827248026158108,0.0,61.864980856241424,20.0,0.49673991542888735,7.133424318760735,0.532729114190666,2.5798646798681735,511.1615318271647,76.30692124660247
674.0,26.0,5.853069599803168,21.485416163722597,0.0,86.14929423712424,0.0,12.386117115220976,17.30622432172463,0.6855992078279877,2.133480759788571,36.54192154243708,14.650928879347674
278.0,6.0,5.8358573536499,19.35814723662135,0.0,49.491984684993135,28.0,0.036099835123761345,7.823755704447257,0.429889233016468,3.9054864263002713,525.079098889708,34.94856993094393
674.0,26.0,4.42082953831287,21.485416163722597,0.0,92.33579232274839,0.0,12.311306369580253,29.35825976350184,0.6485397911886369,1.6933824366742902,495.7152921646285,15.566611934306904
308.0,8.0,5.984426215183365,17.656332094940353,0.0,38.96570436019982,30.0,0.07946601821675946,7.066308767374545,0.3965357580410523,6.594443500956395,510.15127863064765,35.55902530091676
319.0,7.0,5.591262276735049,16.167243845969477,0.0,88.73469642216119,12.5,0.12415491713394487,18.36089727207904,0.485478357975494,6.339397413922846,527.5914390757831,41.358351315658545
674.0,26.0,5.440881599817029,21.485416163722597,0.0,87.99601008357921,0.0,6.0317473505061905,15.053059382331119,0.6652165286763447,1.997115266303633,425.3431813440895,21.671165634035102
411.0,7.0,4.775945353685544,15.635426614194166,0.0,86.79564478338348,0.0,2.1014690602094794,15.474928562472885,0.8069687973218611,1.8498831475566138,117.81413264118584,19.99241336660985
323.0,3.0,5.533284184429306,17.443605202230227,0.0,29.547453543279484,80.0,0.04139069842051057,6.29927389438952,0.3631822830656367,9.822896559212305,522.2610241836343,33.42243150601188
438.0,6.0,5.737113415191683,17.975422434005537,0.0,15.881756279512722,0.0,0.05775286494698341,7.037544959637606,0.4261832913525329,5.555402361926237,498.7593445593968,34.490728403464324
308.0,8.0,5.521507384429702,17.656332094940353,0.0,60.1106008021092,30.0,0.09114714497581619,11.889040531267892,0.3965357580410523,6.750198463046223,524.5606794862322,30.6753823411342
392.0,7.0,5.586732738273662,22.229960288208034,0.0,83.10221309047355,0.0,0.11990333055619995,11.8219249798817,0.4817724163115589,2.5792254666174625,521.9951680792877,30.6753823411342
674.0,26.0,5.603039076734652,21.485416163722597,0.0,91.13542702255266,0.0,8.012814914459453,17.382927809023133,0.6605841015964259,2.4094078130120007,527.5914390757831,21.5185517915419
315.0,6.0,5.564085045966732,22.336323734563095,0.0,84.67192155996028,0.0,1.0585763453481358,17.94861602784959,0.49844915379926674,4.236811961251957,527.5914390757831,23.197304058967152
315.0,10.0,7.552552430515246,18.50723966578085,0.0,67.68213577257457,0.0,0.49412025097189305,2.3682201703412655,0.4697281059037699,4.089260235879582,512.9826461419387,63.63997231966647
411.0,7.0,5.545966892121187,15.635426614194166,0.0,89.84272593003418,0.0,1.4228643080186307,13.518989636361068,0.8069687973218611,1.7237450660830462,495.5557785020206,32.811976136039064
674.0,26.0,5.718089353653861,21.485416163722597,0.0,47.922276215506415,0.0,3.1553385985988185,10.144036195226958,0.5401409975185362,4.252579221436152,516.5849963558348,32.35413460855945
338.0,9.0,5.0776126152138605,20.31541825381691,0.0,64.81972621056937,22.0,0.16433455755958265,17.699329694129457,0.39931521428900363,8.47479581346355,517.2629294219187,28.233560861242918
392.0,7.0,6.09404104594891,22.229960288208034,0.0,73.77629806587596,0.0,0.12768502235304213,9.031835629398671,0.4817724163115589,2.9593442797067278,524.7467787592748,41.968806685631364
319.0,7.0,5.439069784432474,16.167243845969477,0.0,79.31644560524087,12.5,0.1460484407433828,16.395370410054916,0.485478357975494,7.022929450016099,514.046070559325,28.844016231215733
674.0,26.0,4.093796861400792,21.485416163722597,0.0,92.33579232274839,0.0,39.29161712003566,35.456187003732786,0.6420543932767505,1.7665723538806593,117.335591653362,10.682968974524346
301.0,8.0,5.947283999799999,17.656332094940353,0.0,21.14489644190938,52.5,0.03690720712034321,9.118127052609486,0.3752265934734257,7.795418663499916,494.1201555385491,37.84823293831483
272.0,7.0,6.812425845924751,13.827248026158108,0.0,82.54819833653707,20.0,0.4587590753343662,6.960841472339103,0.5994360641414973,2.279647523117739,516.2526762254016,65.77656611457134
232.0,7.0,5.406457107510494,21.485416163722597,0.0,54.01643850880781,0.0,0.05283133139335143,8.907192462538605,0.4771399892316401,5.126703341782963,527.5914390757831,28.538788546229327
278.0,6.0,5.6265926767338605,19.35814723662135,0.0,26.685043981274283,28.0,0.02469355840609419,5.954108201546258,0.429889233016468,3.9054864263002713,526.8337491783954,38.153460623301235
406.0,7.0,6.104911938256237,16.167243845969477,0.0,28.439424035406503,45.0,0.05935901987635372,4.496741942874711,0.4048741267849062,6.9032900365914225,518.0339121245237,46.547221960427514
263.0,6.0,7.134023076683167,15.31633627512898,0.0,29.547453543279484,80.0,0.011861497098718634,2.8476169659569064,0.3909768455451497,6.017553542190035,524.0422600827563,76.30692124660247
312.0,6.0,6.010697538259405,19.57087412933147,0.0,76.17702866626742,0.0,0.42342366688821953,4.352922904190018,0.5040080662951694,3.534316598720955,527.5914390757831,34.79595608845073
719.0,6.0,4.940820553679999,21.379052717367536,0.0,85.59527948318775,0.0,0.12957461638759546,17.315812257636942,0.5642296183341141,1.9399056803650299,525.1854413314466,23.197304058967152
262.0,6.0,6.122124184409504,18.719966558490977,1.0,30.37847567418422,40.0,0.048476676050085425,3.3845413770464234,0.4141389809447439,4.344093251829561,527.5914390757831,49.446884967798404
292.0,10.0,5.40464529212594,20.953598931947283,0.0,86.241630029447,25.0,0.14748281439688463,13.844979457379704,0.4196978934406465,7.264125916617584,502.5743796567702,24.418214798912793
674.0,26.0,6.154736861331484,21.485416163722597,0.0,91.2277628148754,0.0,8.437458228406337,20.364775877752418,0.6216717141251078,1.4467526574417655,527.5914390757831,20.29764105159626
241.0,5.0,5.241581907516038,19.03905689755616,0.0,30.747818843475212,0.0,0.1617836056129357,13.566929315922634,0.41506546636072766,5.433738773207644,527.5914390757831,30.522768498640993
342.0,6.0,5.3774680613576225,23.39995819811372,0.0,18.005479502935938,80.0,0.09155083097410711,5.340480303158238,0.3826384768012958,11.277532846746167,499.8626473924352,31.438451553600224
315.0,10.0,7.283497845908909,18.50723966578085,0.0,79.87046035917736,0.0,0.3282224838019072,3.001023940553911,0.4669486496558186,3.4258634171837152,514.936688508886,57.38280477744507
196.0,4.0,5.422763445971484,20.31541825381691,0.0,81.62484041330958,0.0,0.14517235623645355,14.199733086135279,0.5382880266865686,2.1231468122354156,511.79958647759645,32.65936229354586
312.0,3.0,5.169109292133861,17.975422434005537,0.0,26.22336501966054,35.0,0.04314286743436908,11.917804339004828,0.4057079636592916,7.074705723323661,523.7631111731924,26.09696706633805
411.0,7.0,4.95350326137188,15.635426614194166,0.0,92.33579232274839,0.0,3.519282998717577,25.33132668033046,0.8069687973218611,1.5040687789221534,527.5914390757831,23.80775942893997
406.0,7.0,6.143865969024158,16.167243845969477,0.0,37.95001064464959,45.0,0.06763887737321451,6.40474118942496,0.4048741267849062,4.036205536070598,523.5637190949325,48.836429597825585
338.0,9.0,5.827704184419405,20.31541825381691,0.0,45.33687403046946,22.0,0.14119561970009822,9.127714988521799,0.39931521428900363,8.33800417781147,498.09470429853036,37.390391410835214
196.0,4.0,5.400115753664553,20.31541825381691,0.0,85.77995106783325,0.0,0.0798697042150504,17.191169090776878,0.5382880266865686,2.223290221513417,502.5876724619875,31.285837711107014
272.0,7.0,6.527970830549702,13.827248026158108,0.0,84.57958576763752,20.0,0.47245863208487754,7.76622808897338,0.5994360641414973,2.0562424919943676,515.6146215749699,55.70405251001981
345.0,6.0,5.242487815208316,17.124514863165043,0.0,28.71643141237475,80.0,0.03761151035140398,9.818046374208322,0.36874119556153934,7.04359734512241,527.5914390757831,29.607085443681758
232.0,7.0,5.716277538269305,21.485416163722597,0.0,35.54928004425813,0.0,0.03210592045981915,6.47185674081115,0.4771399892316401,6.88049143064941,517.6218351627865,31.591065396093423
278.0,4.0,6.412920553630494,18.9326934512011,0.0,58.263884955654234,0.0,0.045539216232734395,5.4651234700183045,0.4530513684160621,3.6376560742525097,526.4748434375275,43.80017279554982
674.0,26.0,5.508824676737821,21.485416163722597,0.0,77.93140872039965,0.0,5.841568299992195,14.094265791099838,0.6605841015964259,2.8951033480103074,527.5914390757831,30.522768498640993
195.0,7.0,6.094946953641187,18.081785880360602,0.0,33.33322102851217,90.0,0.014678710022961729,4.314571160540766,0.3798590205533445,12.919032474571111,511.055189385426,45.936766590454695
674.0,26.0,6.054181107488712,21.485416163722597,1.0,89.38104696842043,0.0,4.869981992743858,3.57630009529268,0.584612297485757,1.445367695398559,498.91885822200476,76.30692124660247
360.0,5.0,5.343043569051088,19.996327914751724,0.0,48.29161938479741,0.0,0.052925811095079094,12.147914800900336,0.40950655386482504,8.537332176491407,484.6689710290282,26.249580908831252
315.0,10.0,5.58401501519683,18.50723966578085,1.0,84.30257839066928,0.0,0.3501847199216926,20.575710467823303,0.4697281059037699,3.2472033136100893,525.3848334097066,33.11720382102548
674.0,26.0,5.746172492114455,21.485416163722597,0.0,92.33579232274839,0.0,12.227562997594369,19.48268577381964,0.6420543932767505,1.6769759632393837,527.5914390757831,10.988196659510757
308.0,8.0,5.791467876728316,17.656332094940353,0.0,7.202191801174374,30.0,0.10957068681271079,4.976138738490351,0.3965357580410523,7.495308042291267,498.09470429853036,36.16948067088957
411.0,7.0,5.552308245967128,15.635426614194166,1.0,88.64236062983845,0.0,1.2143647844332615,14.496959099416975,0.8069687973218611,1.863732767988678,426.72563308669163,25.944353223844843
315.0,6.0,5.4263870767405935,22.336323734563095,0.0,75.43834232768543,0.0,0.6735543826803152,14.0655019833629,0.49844915379926674,4.53617683366811,514.0992417801943,26.707422436310868
234.0,7.0,6.566924861317622,19.03905689755616,0.0,20.221538518681896,90.0,0.01126026263317895,4.611797173822463,0.3733736226414582,9.264969926883694,526.3020369697023,54.025300242594554
674.0,26.0,3.9570047998669304,21.485416163722597,0.0,84.21024259834654,0.0,17.2510487384543,29.367847699414153,0.6485397911886369,1.5335791239966283,379.9482515269113,13.430018139402037
315.0,10.0,5.995297107490693,18.50723966578085,0.0,74.60732019678069,0.0,0.5279697513817774,7.286831293357739,0.4697281059037699,3.485949462750516,527.5914390757831,45.936766590454695
315.0,6.0,5.500671507507326,22.336323734563095,0.0,92.33579232274839,0.0,1.1635776502227448,12.50266842965591,0.49844915379926674,4.447858869528255,500.7798509524308,22.129007161514718
674.0,26.0,6.1139710151790085,21.485416163722597,0.0,85.50294369086501,0.0,5.7698925626360715,16.72136023107355,0.6605841015964259,2.475459848918767,0.4253697669545241,20.450254894089465
230.0,5.0,5.824986461342573,19.889964468396663,0.0,54.20111009345331,0.0,0.025638355423370836,4.995314610314977,0.42433032052056535,6.458397614096811,523.8960392253657,43.80017279554982
411.0,7.0,5.799621045958811,15.635426614194166,0.0,87.90367429125646,0.0,2.103916943390605,10.853543452738107,0.5605236766701791,2.4103666328880666,438.7157433927223,34.03288687598471
337.0,9.0,5.883870461340593,17.124514863165043,0.0,16.989785787385703,34.0,0.0795862651098674,8.312740435975211,0.40116818512097113,5.850612348212771,509.9253009419531,40.290054418206104
674.0,26.0,5.642899015194851,21.485416163722597,0.0,83.7485636367328,0.0,3.4686161114001677,12.339673519146592,0.4928902413033641,3.3018560465458493,525.5044686566625,29.912313128668174
411.0,7.0,5.6619230767326725,15.635426614194166,1.0,85.50294369086501,0.0,1.093782917837381,5.273364751772048,0.5605236766701791,1.9159351834633807,450.51975442571035,41.205737473165335
241.0,5.0,5.588544553658217,19.03905689755616,0.0,6.094162293301394,0.0,0.12153525267695052,5.570590765053745,0.41506546636072766,6.094791809984239,509.6062736167372,38.61130215078085
338.0,9.0,5.066741722906534,20.31541825381691,0.0,70.63688112690252,22.0,0.17700342665488314,11.98491989039102,0.39931521428900363,8.47479581346355,495.1437015402834,26.860036278804074
411.0,7.0,4.698037292149702,15.635426614194166,0.0,86.61097319873798,0.0,2.002102181183356,27.153034503669893,0.8069687973218611,1.6295676471450107,474.53985345342363,27.165263963790483
674.0,26.0,5.0803303382906915,21.485416163722597,0.0,92.33579232274839,0.0,10.264876030159035,11.630166261635445,0.6105538891333026,1.3691947830222069,441.44076846227466,42.57926205560418
292.0,10.0,5.566802769043563,20.953598931947283,0.0,26.96205135824253,25.0,0.1326580902894347,6.577324035846591,0.4196978934406465,8.325539519422612,519.3233142306046,35.55902530091676
399.0,8.0,5.368408984434851,20.421781700171973,0.0,39.335047529490815,0.0,0.2401244564727566,13.030004904833115,0.5419939683505037,2.5373569986959152,527.5914390757831,37.390391410835214
284.0,4.0,6.001638461336633,19.145420343911226,0.0,53.37008796254857,0.0,0.10482093453494729,6.375977381688022,0.4122860101127764,3.7236302564730916,475.8558411699392,43.342331268070204
337.0,4.0,6.601349353624157,13.401794240737857,0.0,31.4865051820572,80.0,0.034450734875423925,3.9118778522236286,0.37430010805744196,7.786682749073537,527.5914390757831,50.820409550237244
674.0,26.0,5.481647445969504,21.485416163722597,0.0,76.17702866626742,0.0,4.546234411178325,17.986967771498843,0.6485397911886369,2.3094774748175695,502.97316381329006,35.40641145842355
196.0,4.0,5.317678153667326,20.31541825381691,0.0,64.35804724895563,0.0,0.05925595111083262,13.777863905993515,0.5382880266865686,2.405252926882381,517.2895150323533,33.57504534850509
308.0,3.0,5.8458223382649495,16.27360729232454,0.0,29.455117750956735,55.0,0.009413613917592776,7.8908712558334475,0.36040282681768543,7.78487164486319,524.6936075384056,33.57504534850509
284.0,4.0,7.30976916898495,19.145420343911226,0.0,70.17520216528878,0.0,0.103781657815943,4.036521019083695,0.4122860101127764,3.7236302564730916,527.5914390757831,59.06155704487032
674.0,26.0,3.4995214152669303,21.485416163722597,0.0,92.33579232274839,0.0,11.61430384274389,12.780718571112983,0.584612297485757,1.6093258942058402,174.6940461661361,35.253797615930345
719.0,6.0,4.90458424598891,21.379052717367536,0.0,90.76608385326166,0.0,0.1574976627800171,22.982282381813818,0.5642296183341141,1.8701249004957843,457.33896350220004,10.682968974524346
319.0,7.0,5.443599322893861,16.167243845969477,0.0,76.54637183555842,12.5,0.10089573238135251,12.723190955639105,0.485478357975494,6.633648580333315,527.5914390757831,28.844016231215733
674.0,26.0,4.804934399838415,21.485416163722597,0.0,89.84272593003418,0.0,12.90369409941271,23.88354835757122,0.568862045414033,2.2379921262797615,464.55695673520967,18.313661099184593
674.0,26.0,5.391962584434059,21.485416163722597,0.0,78.20841609736789,0.0,3.2423544038899976,16.443310089616475,0.6068479474693674,3.059168082359374,29.257464283340862,28.996630073708943
674.0,26.0,5.217122399824554,21.485416163722597,0.0,44.505851899564725,0.0,2.7172362216876373,13.547753444098008,0.6068479474693674,3.266912388840334,444.5114064674776,30.370154656147783
674.0,26.0,4.5023612306178205,21.485416163722597,0.0,92.33579232274839,0.0,4.207112405422563,3.1256671074139777,0.584612297485757,1.419586094286563,499.171421521134,76.30692124660247
399.0,8.0,5.248829169054257,20.421781700171973,0.0,65.18906937986036,0.0,0.23051329408791507,13.518989636361068,0.5419939683505037,3.081753617217817,527.5914390757831,27.92833317625651
201.0,5.0,6.323235692095048,18.9326934512011,0.0,53.92410271648506,0.0,0.049644788725991096,4.832319699805659,0.45212488300007836,3.013890477100703,527.5914390757831,56.77234940747225
312.0,6.0,5.456282030585741,19.57087412933147,0.0,83.47155625976455,0.0,0.22476721041011435,11.23706088923062,0.5040080662951694,3.0192172541899582,526.7938707627435,29.607085443681758
304.0,7.0,5.720807076730693,17.656332094940353,0.0,67.77447156489733,0.0,0.04659567107932555,6.030811688844761,0.47250756215172124,3.534316598720955,525.8633743975305,37.543005253328424
674.0,26.0,5.341231753666533,21.485416163722597,0.0,88.08834587590196,0.0,13.622512848284371,23.384975690130958,0.6290835974529779,2.0344027059284207,10.208874406908578,12.666948926936012
315.0,6.0,5.389244861357227,22.336323734563095,0.0,57.0635196554585,0.0,0.540904881454674,7.919635063570385,0.49844915379926674,5.015160629533955,527.5914390757831,31.133223868613808
337.0,4.0,6.438285969014257,13.401794240737857,0.0,33.79489999012591,80.0,0.04007657166011669,8.255212820501333,0.37430010805744196,7.786682749073537,470.9773816551795,46.2419942754411
295.0,7.0,5.82589236903485,20.847235485592226,0.0,13.573361471444013,0.0,0.16478977794063412,4.87067144345491,0.4567573100799972,5.769858407539659,523.3111557958033,37.543005253328424
674.0,26.0,5.828610092111682,21.485416163722597,0.0,92.33579232274839,0.0,15.532978307855684,27.852953825268727,0.6290835974529779,1.954607585131375,36.222894217221196,10.988196659510757
674.0,26.0,6.207279507483563,21.485416163722597,0.0,92.33579232274839,0.0,12.401147976859468,18.96493723455475,0.553111793342309,1.5612783648607564,238.41975437801077,41.968806685631364
674.0,26.0,5.66282898442495,21.485416163722597,0.0,84.11790680602378,0.0,3.2954863525161193,13.605281059571883,0.7133937703075007,2.4455233616771523,466.11221494563705,30.370154656147783
419.0,6.0,5.330360861359207,19.464510682976414,0.0,17.082121579708453,60.0,0.062219178119563935,7.469002075691683,0.38078550596932825,11.410276131810413,521.5166270914639,28.386174703736124
674.0,26.0,5.831327815188514,21.485416163722597,0.0,69.2518442420613,0.0,3.0651620178316596,13.768275970081202,0.5373615412705849,3.0858019678056507,522.8990788340661,35.40641145842355
230.0,9.0,5.993485292106137,19.57087412933147,0.0,53.64709533951682,33.0,0.04705948052417045,8.562026769695343,0.43730111634433805,3.590247758158137,522.8857860288488,43.342331268070204
445.0,6.0,5.215310584439999,22.54905062727322,0.0,90.85841964558442,0.0,0.838438640322677,16.596717064213482,0.5781268995738706,2.4993238102786317,349.2817498905336,23.80775942893997
674.0,26.0,5.09754258444396,21.485416163722597,0.0,86.70330899106074,0.0,8.065672013044184,21.93719736737172,0.6855992078279877,1.935963865318981,527.5914390757831,19.534571839130237
406.0,7.0,5.645616738271682,19.889964468396663,0.0,49.584320477315885,0.0,0.048493854177672276,11.831512915794013,0.4048741267849062,,513.6339935975878,32.35413460855945
255.0,5.0,5.54506098442891,19.677237575686537,0.0,52.44673003932108,0.0,0.061420395186775494,8.092217909992016,0.41599195177671144,3.992525963938704,525.2651981627506,33.8802730334915
674.0,26.0,5.219840122901385,21.485416163722597,0.0,37.211324306067596,0.0,2.4207245614110517,9.990629220629954,0.4928902413033641,4.366146108979078,522.3009025992862,33.26981766351868
674.0,26.0,5.900176799801583,21.485416163722597,0.0,83.00987729815081,0.0,4.99982287010905,9.865986053769886,0.6605841015964259,2.9846997386515834,523.4972550688459,30.8279961836274
406.0,7.0,5.321301784436434,19.889964468396663,0.0,33.79489999012591,0.0,0.07203647803544763,8.72502168020466,0.4048741267849062,4.796869304416269,526.4748434375275,30.98061002612061
288.0,6.0,6.010697538259405,18.081785880360602,0.0,27.423730319856272,80.0,0.012892184753929522,5.743173611475377,0.4030211559529387,8.889325606549404,519.6689271662551,37.390391410835214
674.0,26.0,5.8621286767259395,21.485416163722597,0.0,91.2277628148754,0.0,7.486872182132922,16.41454628187954,0.6420543932767505,1.8384838445856073,521.0513789088574,19.99241336660985
315.0,6.0,5.883870461340593,22.336323734563095,0.0,87.16498795267448,0.0,0.6639260421678868,12.272557967760404,0.49844915379926674,4.745838779901202,515.6810856010565,28.080947018749708
399.0,8.0,5.13649661521188,20.421781700171973,0.0,26.592708188951537,0.0,0.15373565283849736,16.874767205670555,0.5419939683505037,2.98150367239803,522.7927363923275,35.253797615930345
284.0,4.0,5.583109107504554,19.145420343911226,0.0,64.26571145663287,0.0,0.09880858987955045,10.872719324562732,0.4122860101127764,3.7236302564730916,520.8519868305974,32.65936229354586
674.0,26.0,4.804934399838415,21.485416163722597,0.0,82.27119095956881,0.0,22.28054682396963,25.54226127040134,0.6290835974529779,1.7551730509096528,169.2971672479006,15.871839619293317
445.0,6.0,4.546750707539405,22.54905062727322,0.0,92.33579232274839,0.0,1.398849285652217,32.992087474268395,0.5781268995738706,1.5334725884548432,527.5914390757831,21.976393319021515
410.0,5.0,6.463651384398019,18.081785880360602,0.0,12.834675132862026,95.0,0.01527135542470799,4.2666314809792025,0.3733736226414582,8.153591154981449,510.8425045019488,50.209954180264425
477.0,5.0,5.333984492128316,22.44268718091816,0.0,43.95183714562823,75.0,0.011681126759056729,14.190145150222968,0.3798590205533445,7.798082052044544,527.5914390757831,28.844016231215733
674.0,26.0,4.529538461386138,21.485416163722597,0.0,82.64053412885981,0.0,19.408793344638298,30.671806983488693,0.6485397911886369,1.6176356664650786,527.5914390757831,11.293424344497167
411.0,7.0,5.098448492136237,15.635426614194166,0.0,92.33579232274839,0.0,1.8509861928018534,15.963913294000836,0.8069687973218611,1.6157180267129465,225.00731391372594,23.80775942893997
674.0,26.0,5.322207692128712,21.485416163722597,1.0,82.73286992118256,0.0,7.100793764618511,8.514087090133781,0.6188922578771564,1.203425480004579,462.430107900437,76.30692124660247
315.0,6.0,5.072177169060197,22.336323734563095,0.0,79.13177402059537,0.0,0.7219451680924663,15.829682191228459,0.49844915379926674,4.745732244359417,403.33029590419284,21.21332410655549
312.0,6.0,5.4100807382796035,19.57087412933147,0.0,70.82155271154802,0.0,0.3001018889422368,9.559172104575877,0.5040080662951694,3.305265183882973,526.7141139314394,30.98061002612061
445.0,6.0,5.593074092119603,22.54905062727322,0.0,86.42630161409248,0.0,0.24985586575070606,23.164453164147762,0.5781268995738706,1.7172463980341546,515.867184874099,21.365937949048693
315.0,6.0,5.376562153665345,22.336323734563095,0.0,27.05438715056528,0.0,0.9052272003803425,6.308861830301832,0.49844915379926674,4.792607882744864,514.2321698323677,35.253797615930345
224.0,7.0,7.08419815360792,15.848153506904293,0.0,59.55658604817271,20.0,0.030731670252871306,3.605063903029618,0.41034039073921047,5.001524080185462,514.8436388723647,69.28668449191505
201.0,5.0,5.565896861351286,18.9326934512011,0.0,57.4328628247495,0.0,0.05916147140910496,9.06059943713561,0.45212488300007836,2.7676868400353185,527.5914390757831,55.2462109825402
674.0,26.0,5.287783199822177,21.485416163722597,0.0,55.124468016680794,0.0,10.51919820908232,15.043471446418806,0.54106748293452,2.128153982699316,32.76676486071568,15.566611934306904
674.0,26.0,6.323235692095048,21.485416163722597,0.0,62.41899561017791,0.0,3.9912434651024356,11.179533273756743,0.568862045414033,2.6984387378749983,498.0548258828784,45.47892506297508
315.0,6.0,5.285065476745345,22.336323734563095,0.0,52.16972266235284,0.0,0.5388692733356324,8.120981717728954,0.49844915379926674,4.792607882744864,525.8899600079651,30.370154656147783
232.0,7.0,5.340325845974256,21.485416163722597,0.0,55.032132224358044,0.0,0.026119342995802583,10.124860323402332,0.4771399892316401,5.981970671233809,524.8132427853615,28.233560861242918
674.0,26.0,5.911047692108911,21.485416163722597,0.0,79.87046035917736,0.0,4.081840909995472,17.382927809023133,0.6605841015964259,2.5949927268016584,67.68696416663865,21.5185517915419
232.0,7.0,5.488894707507722,21.485416163722597,0.0,34.44125053638515,0.0,0.028395444901059958,8.159333461378205,0.4771399892316401,5.126703341782963,526.5811858792662,31.438451553600224
319.0,7.0,5.101166215213069,16.167243845969477,0.0,92.33579232274839,12.5,0.18143538357228997,28.696692185552255,0.485478357975494,6.479598186912048,513.9397281175864,25.181284011378818
312.0,6.0,5.781502892113266,19.57087412933147,0.0,62.04965244088692,0.0,0.34529754262323425,9.933101605156075,0.5040080662951694,3.7633680135589374,525.3449549940545,-35.253797615930345
719.0,6.0,4.61378787676792,21.379052717367536,0.0,90.48907647629342,0.0,0.17818871745837567,28.456993787744434,0.5642296183341141,1.9417167845753769,423.28279653540346,12.361721241949601
284.0,7.0,6.0170388921053455,17.443605202230227,0.0,78.57775926665887,0.0,0.06023510438328297,9.290709899031118,0.5095669787910719,3.6446874200103268,522.1148033262436,43.80017279554982
231.0,5.0,5.922824492108514,19.7836010220416,0.0,54.20111009345331,20.0,0.09843067107263978,7.411474460217806,0.429889233016468,4.173529849431603,525.0126348636213,37.237777568342004
342.0,6.0,5.13015526136594,23.39995819811372,0.0,20.221538518681896,80.0,0.036941563375516906,7.718288409411817,0.3826384768012958,11.277532846746167,508.84858371934945,27.775719333763302
292.0,10.0,5.369314892127127,20.953598931947283,0.0,43.58249397633724,25.0,0.08870785085848375,8.840076911152416,0.4196978934406465,7.385043756543681,527.5914390757831,29.912313128668174
674.0,26.0,6.02881569210495,21.485416163722597,0.0,90.67374806093892,0.0,4.673429856895142,16.999410372530622,0.6605841015964259,2.5091250801228617,472.28007656647776,23.197304058967152
378.0,7.0,6.065957907488316,18.719966558490977,0.0,52.07738687003009,55.0,0.021841989226677398,6.884137985040601,0.44841894133614324,6.10672379066417,527.5914390757831,36.47470835587598
338.0,9.0,5.876623199802375,20.31541825381691,0.0,12.003653001957291,22.0,0.12050456502173965,5.656882188264561,0.39931521428900363,7.880114419219077,526.7672851523088,37.237777568342004
411.0,7.0,4.441665415235247,15.635426614194166,0.0,90.30440489164792,0.0,2.387536418913261,28.083064287164234,0.8069687973218611,1.4338618568857675,527.5914390757831,18.008433414198187
406.0,7.0,6.50894676901188,16.167243845969477,0.0,35.918623213549125,45.0,0.07189046395095942,5.167897456736607,0.4048741267849062,4.865158586700523,527.5914390757831,53.262231030128525
281.0,3.0,5.544155076736633,22.336323734563095,0.0,70.82155271154802,0.0,0.03888269179283074,8.705845808380037,0.5308761433586985,2.4370005183343437,527.5914390757831,31.438451553600224
289.0,6.0,5.586732738273662,20.20905480746185,0.0,43.1208150147235,25.0,0.030499765530448857,7.200539870146923,0.3946827872090848,5.7536650051883225,519.2701430097353,34.94856993094393
392.0,7.0,5.612098153657425,22.229960288208034,0.0,50.23067102357512,0.0,0.09270176552242594,12.46431668600666,0.4817724163115589,2.9593442797067278,523.058592496674,33.11720382102548
297.0,6.0,5.550496430582573,17.018151416809978,0.0,16.989785787385703,0.0,0.07098861225264991,8.226449012764395,0.4048741267849062,5.862331257809133,527.5914390757831,36.47470835587598
674.0,26.0,5.010575445985346,21.485416163722597,0.0,78.85476664362713,0.0,35.66969480898667,26.251768527912485,0.6420543932767505,1.7124522986538244,437.94476069011716,12.972176611922421
445.0,6.0,5.846728245957227,22.54905062727322,0.0,90.85841964558442,0.0,0.3026184846337101,13.988798496064398,0.5781268995738706,1.9706944519409262,523.8428680044964,26.09696706633805
674.0,26.0,4.7804748921469296,21.485416163722597,0.0,90.58141226861616,0.0,14.439762268228671,29.540430545835783,0.6485397911886369,1.5193033613974238,527.5914390757831,10.988196659510757
445.0,6.0,5.382903507511286,22.54905062727322,0.0,86.33396582176974,0.0,0.277117554231034,16.203611691808657,0.5781268995738706,2.0954475713712877,502.8003573454648,26.55480859381766
674.0,26.0,5.820456922881187,21.485416163722597,0.0,69.0671726574158,0.0,5.5348356538014345,11.534286902512315,0.54106748293452,2.3442080614395144,130.20302710373636,24.570828641406
674.0,26.0,5.175450645979801,21.485416163722597,0.0,89.56571855306593,0.0,5.979835048938736,16.404958345967227,0.6485397911886369,2.052407212490104,524.308116187103,23.04469021647395
297.0,6.0,6.049651569027326,17.018151416809978,0.0,28.71643141237475,0.0,0.11107377297656,6.011635817020134,0.4048741267849062,6.349944432559572,527.5914390757831,43.64755895305662
674.0,26.0,6.023380245951286,21.485416163722597,0.0,86.14929423712424,0.0,13.13096072738671,22.28236306021498,0.6216717141251078,1.4327965014679163,482.55541499947293,21.21332410655549
231.0,5.0,5.6528639998099,19.7836010220416,0.0,15.050734148607988,20.0,0.13923731315519752,6.318449766214145,0.429889233016468,4.71845914566243,527.5914390757831,38.45868830828765
297.0,6.0,5.443599322893861,17.018151416809978,0.0,39.058040152522565,0.0,0.07042173404228391,9.971453348805328,0.4048741267849062,5.862331257809133,527.5914390757831,33.11720382102548
319.0,7.0,5.334890399820593,16.167243845969477,0.0,36.010959005871875,12.5,0.08054824025473088,15.062647318243434,0.485478357975494,5.807145847164447,519.0840437366927,33.11720382102548
430.0,3.0,5.924636307493068,16.911787970454917,0.0,55.124468016680794,0.0,0.021455481355973315,8.293564564150586,0.47991944547959137,6.676475868130927,518.3662322549569,25.181284011378818
232.0,6.0,7.114093107453068,15.635426614194166,0.0,30.65548305115247,95.0,0.030147613914918468,3.6530035825911824,0.3855105815908455,5.452489028561823,522.1148033262436,74.0177136092044
281.0,3.0,5.972649415183762,22.336323734563095,0.0,63.80403249501913,0.0,0.05379330653821492,9.271534027206492,0.5308761433586985,2.640589938685685,521.0646717140747,34.185500718477904
411.0,7.0,4.462501292157623,15.635426614194166,0.0,88.36535325287021,0.0,2.034422828238011,28.313174749059744,0.8069687973218611,1.5562711943968566,520.6924731679894,22.281621004007924
719.0,6.0,5.420045722894653,21.379052717367536,0.0,91.2277628148754,0.0,0.09082076055166607,17.325400193549257,0.5642296183341141,1.990190456087601,518.5656243332169,20.755482579075874
343.0,3.0,6.286093476711682,20.953598931947283,0.0,31.855848351348193,40.0,0.024899695937136365,5.647294252352248,0.39746224345703607,9.366711369288472,518.2200113975664,40.59528210319252
278.0,4.0,5.802338769035643,18.9326934512011,0.0,68.23615052651107,0.0,0.03377219883574343,7.862107448096507,0.4530513684160621,3.2941854875373218,523.1383493279781,33.57504534850509
674.0,26.0,6.114876922871286,21.485416163722597,0.0,69.15950844973855,0.0,4.9027922164347375,7.421062396130119,0.4928902413033641,3.5494446456544404,522.5002946775462,36.16948067088957
674.0,26.0,5.631122215195247,21.485416163722597,0.0,92.33579232274839,0.0,7.9296813660029,9.137302924434112,0.584612297485757,1.2455070190096966,486.71606303249683,76.30692124660247
304.0,7.0,5.047717661368712,17.656332094940353,0.0,81.71717620563233,0.0,0.11950823362170246,14.084677855187525,0.47250756215172124,2.765769200283186,527.5914390757831,35.253797615930345
285.0,6.0,4.902772430604355,19.7836010220416,0.0,9.048907647629342,0.0,0.2486963421385938,28.33235062088437,0.4530513684160621,3.8219625615407464,463.82585244825657,36.16948067088957
281.0,3.0,5.462623384431683,22.336323734563095,0.0,74.60732019678069,0.0,0.0407207514446235,7.555293498902498,0.5308761433586985,2.6687153217169532,527.5914390757831,18.16104725669139
674.0,26.0,5.368408984434851,21.485416163722597,0.0,65.55841254915136,0.0,13.37806809272352,17.382927809023133,0.5373615412705849,3.0984796972780786,490.15889958378506,29.14924391620215
411.0,7.0,6.289717107480791,15.635426614194166,0.0,89.93506172235693,0.0,1.0509406676357818,4.400862583751582,0.5605236766701791,1.9999917259318307,483.1004200133834,63.029516949693644
674.0,26.0,6.697375569005543,21.485416163722597,0.0,91.68944177648915,0.0,7.08433711839031,16.05020471721165,0.6605841015964259,2.612997233363342,499.63666970374055,-27.165263963790483
674.0,26.0,5.654675815194454,21.485416163722597,0.0,59.74125763281821,0.0,5.00227934235397,10.297443169823964,0.4928902413033641,3.647990021805665,527.5914390757831,35.10118377343714
674.0,26.0,6.094946953641187,21.485416163722597,0.0,86.88798057570622,0.0,8.1713174977033,17.939028091937278,0.6605841015964259,2.6592336584980787,8.87959388517569,22.73946253148754
285.0,6.0,5.493424245969108,19.7836010220416,1.0,54.5704532627443,0.0,0.11669960976125276,14.055914047450587,0.4530513684160621,4.516254687354295,506.8812485471848,37.237777568342004
285.0,6.0,5.730772061345741,19.7836010220416,0.0,48.47629096944291,0.0,0.19728220627115736,10.517965695807158,0.4530513684160621,4.6395163091996645,524.8929996166654,37.237777568342004
272.0,7.0,6.64302110746891,13.827248026158108,0.0,92.33579232274839,20.0,0.5698929717574802,7.469002075691683,0.5994360641414973,2.0184223746606547,509.4999311749986,54.940983297553785
399.0,8.0,4.882842461374256,20.421781700171973,0.0,67.31279260328358,0.0,0.24873928745756096,20.26889651862929,0.5419939683505037,2.98150367239803,527.5914390757831,30.064926971161373
411.0,7.0,5.526942830583366,15.635426614194166,0.0,85.872286860156,0.0,2.5114422531971967,9.405765129978873,0.5605236766701791,2.432632561121154,319.24001009937035,38.153460623301235
285.0,6.0,4.841170707529504,19.7836010220416,1.0,92.33579232274839,0.0,0.37423409854327994,22.13854402153029,0.4530513684160621,4.1282522441729315,527.5914390757831,30.522768498640993
312.0,3.0,5.463529292123959,17.975422434005537,0.0,21.514239611200374,35.0,0.029769695108007813,7.507353819340934,0.4057079636592916,7.074705723323661,481.5318689977386,29.607085443681758
674.0,26.0,4.49601987677188,21.485416163722597,0.0,84.39491418299204,0.0,3.17533393910991,13.42311027723794,0.6652165286763447,1.866822298700446,420.0925232832445,33.42243150601188
230.0,5.0,6.339542030556038,19.889964468396663,0.0,42.28979288381876,0.0,0.0278027994993137,2.8188531582199676,0.42433032052056535,6.458397614096811,524.5739722914495,50.973023392730454
315.0,6.0,5.266041415207524,22.336323734563095,0.0,83.3792204674418,0.0,0.5771077853439563,14.199733086135279,0.49844915379926674,4.987994066378753,500.9792430306907,25.333897853872024
343.0,3.0,5.879340922879207,20.953598931947283,0.0,40.997091791300285,40.0,0.05334667522095687,5.733585675563064,0.39746224345703607,9.366711369288472,527.5914390757831,34.94856993094393
315.0,10.0,7.488232984363563,18.50723966578085,0.0,72.298925388712,0.0,0.27083894859804103,3.9694054676975052,0.4669486496558186,3.0835647214281634,511.8394648932485,68.37100143695581
262.0,6.0,6.183725907484355,18.719966558490977,1.0,25.484678681078556,40.0,0.052625193862309246,3.9885813395221312,0.4141389809447439,5.180610325926228,523.0054212758047,50.515181865250845
287.0,7.0,5.374750338280791,20.421781700171973,0.0,62.9730103641144,0.0,0.055116022362402234,9.281121963118805,0.46231622257589977,3.5799138106049813,527.5914390757831,28.844016231215733
411.0,7.0,5.070365353675643,15.635426614194166,0.0,87.62666691428822,0.0,2.348224273930759,20.566122531910988,0.8069687973218611,1.6254127610153914,467.70735157171663,23.502531743953565
392.0,7.0,5.559555507505345,22.229960288208034,0.0,80.7014824900821,0.0,0.18175317893264664,12.886185866148423,0.4817724163115589,2.8921203528403248,524.3612874079723,29.45447160118856
674.0,26.0,5.206251507517226,21.485416163722597,0.0,91.32009860719816,0.0,6.58954692044253,19.09916833732713,0.6420543932767505,1.7401515395179525,522.5401730931982,12.972176611922421
674.0,26.0,5.3774680613576225,21.485416163722597,0.0,74.14564123516695,0.0,7.043530476307753,16.241963435457908,0.6605841015964259,2.960835777291719,4.652481826065108,20.602868736582668
445.0,6.0,5.738925230576236,22.54905062727322,0.0,90.67374806093892,0.0,0.4790808002696076,16.261139307282534,0.5781268995738706,2.2486456804582726,524.6271435123189,27.6231054912701
406.0,7.0,6.50260541516594,16.167243845969477,0.0,24.28431338088283,45.0,0.07441564870622609,2.7517376068337778,0.4048741267849062,6.9032900365914225,519.0707509314753,55.551438667526604
440.0,8.0,5.31948996905188,18.9326934512011,0.0,67.49746418792907,0.0,0.11215599501453145,14.736657497224796,0.5067875225431206,2.6394180477260485,450.1342630744078,31.133223868613808
674.0,26.0,5.795997415189702,21.485416163722597,0.0,81.25549724401858,0.0,3.9010840624628633,7.469002075691683,0.7133937703075007,2.682778013232588,497.89531222027045,38.153460623301235
295.0,7.0,5.718089353653861,20.847235485592226,0.0,26.685043981274283,0.0,0.2606523189390401,5.896580586072382,0.4567573100799972,5.769858407539659,527.5914390757831,35.10118377343714
411.0,7.0,5.495236061353662,15.635426614194166,0.0,92.33579232274839,0.0,1.1533738424361573,6.1650427916171395,0.5605236766701791,1.8721490757897015,470.41908383605164,37.08516372584881
201.0,5.0,5.076706707521583,18.9326934512011,0.0,82.91754150582805,0.0,0.07135794199576714,13.403934405413315,0.45212488300007836,3.183175452997239,519.7486839975592,40.290054418206104
411.0,7.0,4.540409353693464,15.635426614194166,1.0,81.25549724401858,0.0,0.9676267488395683,11.62057832572313,0.8069687973218611,1.7154352938238078,456.3154175004657,23.34991790146036
313.0,6.0,5.813209661342969,20.421781700171973,0.0,6.094162293301394,0.0,0.07580707704076081,6.443092933074212,0.3826384768012958,5.632853700804011,510.0848146045611,36.9325498833556
272.0,7.0,6.198220430560791,13.827248026158108,0.0,92.33579232274839,20.0,0.5640008739951912,6.6156757794958425,0.5994360641414973,2.1421101386731647,520.9849148827707,45.936766590454695
196.0,4.0,5.3258313228978205,20.31541825381691,0.0,88.45768904519295,0.0,0.08459368930143361,16.855591333845926,0.5382880266865686,2.13742257483462,504.302444335023,28.691402388722533
440.0,8.0,6.083170153641583,18.9326934512011,0.0,75.34600653536268,0.0,0.08661211929288827,9.74134288690982,0.5067875225431206,2.8524891312962644,525.850081592313,34.79595608845073
304.0,7.0,5.812303753650692,17.656332094940353,0.0,77.65440134343139,0.0,0.07883042749604607,8.667494064730784,0.47250756215172124,2.819250042259311,525.7304463453571,36.016866828396374
292.0,10.0,5.200816061363563,20.953598931947283,0.0,61.12629451765944,25.0,0.12825190056340816,12.608135724691351,0.4196978934406465,7.6976190361411865,525.2120269418813,28.538788546229327
445.0,6.0,5.157332492134256,22.54905062727322,0.0,88.64236062983845,0.0,0.22258558820658464,16.48166183326573,0.5781268995738706,1.9051750937430847,521.2241853766826,24.723442483899202
295.0,7.0,5.472588369046732,20.847235485592226,0.0,46.075560369051445,0.0,0.30159638604229266,7.382710652480868,0.4567573100799972,5.02964946321673,527.5914390757831,31.133223868613808
241.0,5.0,5.147367507519207,19.03905689755616,0.0,31.209497805088954,0.0,0.14723373154687533,9.789282566471385,0.41506546636072766,5.433738773207644,527.5914390757831,29.45447160118856
392.0,7.0,6.1429600613318796,22.229960288208034,0.0,65.8354199261196,0.0,0.09819017728642392,7.353946844743929,0.4817724163115589,3.0427616089244673,525.8367887870958,40.442668260699314
231.0,5.0,5.362973538281187,19.7836010220416,1.0,56.78651227849026,20.0,0.07785986328738914,13.087532520306993,0.429889233016468,4.173529849431603,520.2006393749483,31.591065396093423
319.0,7.0,5.446317045970692,16.167243845969477,0.0,61.495637686950424,12.5,0.07583284423214107,11.917804339004828,0.485478357975494,5.923908800960926,525.8633743975305,34.94856993094393
440.0,8.0,5.51878966135287,18.9326934512011,0.0,88.08834587590196,0.0,0.19078028497953536,16.3857824741426,0.5067875225431206,2.7145256046845496,527.5914390757831,28.538788546229327
674.0,26.0,4.444383138312078,21.485416163722597,0.0,92.33579232274839,0.0,9.540817952373386,33.33725316711166,0.6188922578771564,1.250940331640737,527.5914390757831,21.060710264062283
315.0,6.0,5.175450645979801,22.336323734563095,0.0,86.88798057570622,0.0,0.9712599228241868,21.668735161826962,0.49844915379926674,4.509649483763617,478.7669655125342,19.381957996637027
297.0,6.0,5.932789476723563,17.018151416809978,0.0,47.09125408460168,0.0,0.04614045069827408,7.08548463919917,0.4048741267849062,6.349944432559572,522.207852962765,41.358351315658545
674.0,26.0,5.708124369038811,21.485416163722597,0.0,77.2850581741404,0.0,6.6584398011295844,15.5612199856837,0.6605841015964259,2.9649906634213385,361.84345082090937,22.73946253148754
674.0,26.0,5.438163876740197,21.485416163722597,0.0,87.25732374499722,0.0,3.7983245032383373,20.44147936505092,0.54106748293452,2.706322367967096,440.37734404488845,29.14924391620215
674.0,26.0,5.215310584439999,21.485416163722597,0.0,92.33579232274839,0.0,43.92086483277743,9.693403207348256,0.553111793342309,1.5053472054235748,3.4561293565055085,22.892076373980743
323.0,3.0,5.3231135998209895,17.443605202230227,0.0,17.636136333644945,80.0,0.03047399833906858,8.868840718889354,0.3631822830656367,9.822896559212305,525.3050765784026,31.896293081079833
406.0,7.0,5.562273230582177,19.889964468396663,0.0,42.28979288381876,0.0,0.07478497844934333,9.84681018194526,0.4048741267849062,4.3578363367198385,514.3783906897582,31.743679238586633
674.0,26.0,5.637463569041187,21.485416163722597,0.0,92.33579232274839,0.0,15.345822607796975,20.88252441701731,0.6216717141251078,1.476689144683381,523.3909126271072,15.566611934306904
674.0,26.0,5.624780861349306,21.485416163722597,0.0,60.38760817907745,0.0,6.733241957706515,12.675251276077542,0.6068479474693674,3.157074245259888,527.5914390757831,32.65936229354586
438.0,6.0,5.565896861351286,17.975422434005537,0.0,29.732125127924984,0.0,0.03902870587731896,8.71543374429235,0.4261832913525329,6.257471582290098,489.93292189509043,30.217540813654583
287.0,7.0,5.299559999821781,20.421781700171973,0.0,38.31935381394058,0.0,0.06883275724050046,8.408619795098339,0.46231622257589977,4.191321284909716,527.5914390757831,32.04890692357304
312.0,6.0,5.949095815184553,19.57087412933147,0.0,80.60914669775934,0.0,0.31710823525321646,8.897604526626292,0.5040080662951694,3.8377298217249423,525.9830096444864,36.32209451338278
392.0,7.0,5.864846399802771,22.229960288208034,0.0,89.65805434538868,0.0,0.10995719468341489,11.764397364407824,0.4817724163115589,2.5919031960898904,525.3848334097066,30.217540813654583
674.0,26.0,4.857477045990494,21.485416163722597,0.0,88.82703221448395,0.0,3.159246622624827,9.770106694646758,0.7133937703075007,2.2410816569915304,506.17672987066635,31.743679238586633
438.0,6.0,5.315866338282771,17.975422434005537,0.0,23.822634419269086,0.0,0.05683383512108705,9.559172104575877,0.4261832913525329,5.555402361926237,508.3700427315256,29.45447160118856
315.0,6.0,5.478023815200395,22.336323734563095,0.0,81.99418358260057,0.0,0.8209169501840919,16.567953256476546,0.49844915379926674,4.7444538178579965,407.26496624852217,22.586848688994333
232.0,7.0,5.721712984422969,21.485416163722597,0.0,35.17993687496714,0.0,0.04365821126197453,5.445947598193679,0.4771399892316401,6.88049143064941,518.0339121245237,33.8802730334915
392.0,7.0,5.642899015194851,22.229960288208034,0.0,84.21024259834654,0.0,0.2264334887860386,14.909240343646427,0.4817724163115589,2.7114360739727816,520.0544185175577,29.607085443681758
440.0,8.0,5.356632184435247,18.9326934512011,0.0,85.77995106783325,0.0,0.1058945675091253,15.542044113859074,0.5067875225431206,2.50720744037073,524.9993420584041,28.691402388722533
337.0,9.0,5.96993169210693,17.124514863165043,0.0,37.303660098390345,34.0,0.030379518637340917,9.108539116697175,0.40116818512097113,5.850612348212771,526.0627664757903,33.57504534850509
353.0,6.0,5.324925415205544,20.102691361106785,0.0,19.759859557068154,12.5,0.04972209030013191,7.76622808897338,0.37893253513736075,6.922679505196313,526.6742355157875,33.57504534850509
674.0,26.0,5.627498584426138,21.485416163722597,1.0,89.93506172235693,0.0,7.715521649377664,16.874767205670555,0.7133937703075007,2.26089726776356,502.10913147416375,27.165263963790483
674.0,26.0,5.041376307522771,21.485416163722597,0.0,65.18906937986036,0.0,7.55160795594396,16.45289802552879,0.54106748293452,2.1983609047357016,4.85187390432504,17.855819571704977
674.0,26.0,5.536907815198415,21.485416163722597,0.0,75.06899915839443,0.0,3.6600663433555902,12.147914800900336,0.7133937703075007,2.6730832789301426,519.4030710619086,34.490728403464324
272.0,7.0,7.885020553580989,13.827248026158108,0.0,80.23980352846836,20.0,0.5252556072230553,4.909023187104161,0.5994360641414973,1.9187051075497934,518.0206193193063,76.30692124660247
224.0,5.0,6.435568245937425,19.7836010220416,0.0,54.939796432035294,17.5,0.01675726346097035,7.718288409411817,0.3855105815908455,9.825666483298717,522.7262723662408,50.362568022757635
287.0,7.0,5.291406830591287,20.421781700171973,0.0,56.69417648616751,0.0,0.0836918376031241,10.939834875948922,0.46231622257589977,3.59866406595916,501.8831537854691,30.522768498640993
674.0,26.0,5.722618892115246,21.485416163722597,0.0,76.63870762788116,0.0,5.715953242013368,13.413522341325628,0.6605841015964259,2.9131078545719906,527.5914390757831,29.759699286174968
278.0,4.0,6.347695199786533,18.9326934512011,0.0,79.68578877453186,0.0,0.04861410107078021,5.273364751772048,0.4530513684160621,3.6453266332610372,527.5914390757831,36.016866828396374
315.0,10.0,6.093135138256633,18.50723966578085,1.0,61.40330189462768,0.0,0.3847127563712573,7.718288409411817,0.4697281059037699,3.8905714504503557,478.8068439281862,44.258014323029435
315.0,10.0,7.90404461511881,18.50723966578085,0.0,76.63870762788116,0.0,0.4525835384668943,4.439214327400833,0.4669486496558186,3.0835647214281634,507.7851593019631,76.30692124660247
674.0,26.0,5.015104984446731,21.485416163722597,0.0,92.33579232274839,0.0,7.890790085146276,22.627528753058243,0.6485397911886369,1.6836877023718455,527.5914390757831,17.245364201732162
440.0,8.0,5.665546707501781,18.9326934512011,0.0,77.74673713575415,0.0,0.12223096684421787,10.01939302836689,0.5067875225431206,2.40397450038096,516.7445100184428,28.233560861242918
315.0,10.0,6.007073907490296,18.50723966578085,1.0,70.63688112690252,0.0,0.44712948295807003,9.146890860346424,0.4697281059037699,4.419094273246276,516.3590186671403,38.306074465794445
289.0,6.0,5.709030276731088,20.20905480746185,0.0,29.732125127924984,25.0,0.031427384420138656,6.443092933074212,0.3946827872090848,5.7536650051883225,527.5914390757831,37.84823293831483
674.0,26.0,5.623874953657029,21.485416163722597,0.0,87.71900270661096,0.0,11.95030801834264,14.54489877897854,0.6605841015964259,2.367432809548668,133.7654989019805,17.855819571704977
315.0,10.0,5.513354215199207,18.50723966578085,0.0,56.78651227849026,0.0,0.28382561305369824,10.431674272596343,0.4697281059037699,3.8905714504503557,500.8064365628655,36.627322198369185
674.0,26.0,5.148273415211484,21.485416163722597,0.0,92.33579232274839,0.0,58.33760841003973,22.033076726494848,0.6420543932767505,1.5185576126049283,511.73312245150987,7.630692124660248
315.0,10.0,5.935507199800394,18.50723966578085,0.0,19.759859557068154,0.0,0.3794476602658884,3.605063903029618,0.4669486496558186,3.5956810707891775,505.5785536358865,48.073360385359564
411.0,7.0,5.573144122889504,15.635426614194166,1.0,76.26936445859016,0.0,3.036242640039201,14.401079740293847,0.8069687973218611,1.8595778818590587,116.98997871771147,23.80775942893997
312.0,6.0,5.676417599809108,19.57087412933147,0.0,76.45403604323566,0.0,0.23137220046725748,7.574469370727124,0.5040080662951694,3.476041657364501,522.9256644445007,32.964589978532274
315.0,6.0,5.522413292121979,22.336323734563095,0.0,78.02374451272239,0.0,0.5479479137652816,9.837222246032947,0.49844915379926674,4.75350933890973,505.153183868932,27.775719333763302
253.0,6.0,6.006167999798019,20.421781700171973,0.0,21.60657540352312,80.0,0.031049465613227998,4.506329878787024,0.38078550596932825,5.451104066518616,527.5914390757831,42.57926205560418
196.0,4.0,5.084859876752079,20.31541825381691,0.0,88.27301746054745,0.0,0.3326973860382812,26.136713296964736,0.5382880266865686,1.8720425402479164,477.5971986534093,23.960373271433177
674.0,26.0,5.573144122889504,21.485416163722597,0.0,92.33579232274839,0.0,13.035793900555571,25.360090488067396,0.6855992078279877,2.0393033408505357,12.388894462550514,13.27740429690883
201.0,5.0,6.481769538243563,18.9326934512011,0.0,85.13360052157402,0.0,0.07818624771153927,4.621385109734777,0.45212488300007836,2.8770988414486243,523.8960392253657,57.840646304924675
289.0,6.0,5.996203015182969,20.20905480746185,0.0,65.00439779521487,25.0,0.03832440264625818,6.922489728689852,0.3946827872090848,5.7536650051883225,525.9032528131823,36.47470835587598
284.0,4.0,6.71821144592792,19.145420343911226,0.0,57.70987020171774,0.0,0.05892097762288909,5.934932329721633,0.4122860101127764,3.7236302564730916,527.5914390757831,50.66779570774405
312.0,6.0,4.505078953694652,19.57087412933147,0.0,34.90292949799889,0.0,2.2636305846293254,12.119150993163398,0.5040080662951694,2.6840564397340088,465.8463588412905,24.570828641406
674.0,26.0,5.301371815206336,21.485416163722597,0.0,71.83724642709825,0.0,8.517388056067942,28.735043929201506,0.6420543932767505,1.5984592689437591,449.50950122919335,9.614672077071912
674.0,26.0,5.423669353663762,21.485416163722597,0.0,92.33579232274839,0.0,21.512255067647846,25.666904437261405,0.6420543932767505,1.6926366878817944,527.5914390757831,8.546375179619476
301.0,8.0,5.720807076730693,17.656332094940353,0.0,42.10512129917327,52.5,0.03942380281181646,7.286831293357739,0.3752265934734257,7.795418663499916,527.5914390757831,34.03288687598471
674.0,26.0,5.333078584436039,21.485416163722597,0.0,87.44199532964272,0.0,11.474817446738683,15.676275216631455,0.6420543932767505,1.8985698901524082,527.5914390757831,19.381957996637027
253.0,6.0,6.215432676714058,20.421781700171973,0.0,25.7616860580468,,0.03007890140457108,3.1927826588001675,0.38078550596932825,5.451104066518616,527.5914390757831,43.494945110563414
262.0,6.0,6.209091322868118,18.719966558490977,0.0,39.51971911413631,40.0,0.08248936867204472,2.8572049018692187,0.4141389809447439,4.54619117459591,527.5914390757831,48.836429597825585
399.0,8.0,5.452658399816633,20.421781700171973,0.0,60.2952723867547,0.0,0.20538169342835624,12.387613198708157,0.5419939683505037,2.5665477371450347,527.5914390757831,32.35413460855945
674.0,26.0,5.874811384417821,21.485416163722597,0.0,92.33579232274839,0.0,8.560324785971268,18.073259194709657,0.6855992078279877,2.1076991586765748,514.0726561697597,23.502531743953565
241.0,,4.890995630604752,19.03905689755616,0.0,87.99601008357921,0.0,0.21805056252365673,29.540430545835783,0.41506546636072766,6.253636302785835,527.5914390757831,21.976393319021515
278.0,4.0,5.813209661342969,18.9326934512011,0.0,61.03395872533668,0.0,0.04023117480839832,8.44697153874759,0.4530513684160621,3.294398558620892,521.3172350132039,34.490728403464324
674.0,26.0,5.349384922897029,21.485416163722597,0.0,49.12264151570214,0.0,4.153387811394695,10.978186619598173,0.5401409975185362,3.3583198836919568,516.0532841471418,31.438451553600224
241.0,5.0,5.6265926767338605,19.03905689755616,0.0,6.001826500978646,0.0,0.1368753206120059,7.133424318760735,0.41506546636072766,6.094791809984239,524.3479946027549,37.69561909582162
224.0,7.0,6.312364799787722,15.848153506904293,0.0,34.348914744062405,20.0,0.03182248135463616,4.400862583751582,0.41034039073921047,5.587469560003554,521.3836990392906,54.025300242594554
366.0,7.0,5.747984307499008,15.741790060549231,0.0,18.559494256872426,70.0,0.05553688648828,4.7652041484194685,0.37059416639350684,8.339389139854678,489.4942593229186,34.338114560971114
674.0,26.0,3.7486460306431675,21.485416163722597,0.0,92.33579232274839,0.0,17.793276335733164,22.37824241933811,0.6105538891333026,1.2550952177703563,492.1262347559498,18.16104725669139
315.0,6.0,5.045905845984158,22.336323734563095,0.0,90.58141226861616,0.0,1.075170416597031,20.153841287681537,0.49844915379926674,4.046113341456613,500.56716606895355,20.755482579075874
292.0,3.0,6.559677599779405,16.486334185034668,0.0,45.52154561511495,35.0,0.01117437199524471,5.263776815859735,0.40950655386482504,7.497864895294109,524.7201931488402,49.90472649527803
315.0,6.0,5.4037393844336625,22.336323734563095,0.0,82.36352675189157,0.0,0.7318225914549041,13.260115366728623,0.49844915379926674,4.274525543043884,521.7824831958104,29.912313128668174
445.0,6.0,5.850351876726336,22.54905062727322,0.0,91.32009860719816,0.0,0.29207970335917877,12.080799249514147,0.5781268995738706,2.256955452717511,525.11897730536,29.30185775869535
321.0,4.0,5.782408799805544,18.40087621942579,0.0,32.96387785922118,85.0,0.017650526095486452,5.532239021404494,0.3798590205533445,9.788059437048574,527.5914390757831,37.69561909582162
674.0,26.0,5.66282898442495,21.485416163722597,0.0,89.19637538377494,0.0,8.524516979016482,15.76256663984227,0.6855992078279877,2.341651208436672,516.4520683036616,19.229344154143824
445.0,6.0,5.730772061345741,22.54905062727322,0.0,90.21206909932518,0.0,1.0246237761727304,11.754809428495511,0.5781268995738706,2.4194221539398004,527.5914390757831,29.912313128668174
308.0,8.0,5.759761107498613,17.656332094940353,0.0,48.8456341387339,30.0,0.08838146643433364,10.757664093614979,0.3965357580410523,7.495308042291267,495.48931447593395,33.8802730334915
230.0,9.0,6.555148061318018,19.57087412933147,0.0,37.95001064464959,33.0,0.04736868682073372,6.644439587232781,0.43730111634433805,4.28485949059704,523.3111557958033,55.09359714004699
295.0,7.0,5.811397845958415,20.847235485592226,0.0,37.0266527214221,0.0,0.29296437692990146,5.867816778335443,0.4567573100799972,5.02964946321673,527.5914390757831,38.153460623301235
284.0,7.0,5.773349722882771,17.443605202230227,1.0,85.31827210621951,0.0,0.09813005383986995,10.067332707928456,0.5095669787910719,3.5831098768585345,523.3909126271072,35.10118377343714
251.0,6.0,5.433634338278811,17.86905898765048,0.0,19.759859557068154,21.0,0.04278212675504527,8.082629974079703,0.40672709761687376,7.260077566029749,527.5914390757831,35.711639143409954
674.0,26.0,5.256982338284751,21.485416163722597,1.0,82.17885516724607,0.0,3.626637707071584,14.036738175625961,0.7133937703075007,2.0291824643809506,469.28919539257873,25.639125538858433
674.0,26.0,6.143865969024158,21.485416163722597,0.0,83.84089942905554,0.0,9.3055634950715,24.72728671785475,0.6290835974529779,1.9384141827800383,28.672580853778392,11.446038186990371
392.0,7.0,5.802338769035643,22.229960288208034,0.0,78.85476664362713,0.0,0.1964834233383689,10.191975874788524,0.4817724163115589,2.8921203528403248,94.11306093868845,28.386174703736124
353.0,6.0,5.067647630598811,20.102691361106785,0.0,33.979571574771406,12.5,0.11641617065606978,12.550608109217475,0.37893253513736075,6.922679505196313,527.5914390757831,26.55480859381766
338.0,9.0,5.832233722880791,20.31541825381691,0.0,8.217885516724607,22.0,0.18388326675341582,3.4420689925203005,0.39931521428900363,7.880114419219077,501.23180632982,-37.84823293831483
312.0,6.0,5.357538092127523,19.57087412933147,0.0,76.82337921252666,0.0,0.2733641333533077,17.57468652726939,0.5040080662951694,4.259930173819325,519.3498998410392,27.165263963790483
313.0,6.0,5.657393538271286,20.421781700171973,0.0,5.7248191240104,0.0,0.16782171745971283,7.229303677883863,0.3826384768012958,5.632853700804011,501.3647343819933,35.711639143409954
674.0,26.0,4.845700245990891,21.485416163722597,0.0,88.64236062983845,0.0,21.302338348536566,18.955349298642435,0.6420543932767505,1.8140872055168176,527.5914390757831,12.666948926936012
272.0,7.0,5.036846769061385,13.827248026158108,0.0,57.986877578685984,20.0,0.6541602766347636,10.01939302836689,0.5994360641414973,2.1163285375611687,521.6096767279852,34.79595608845073
719.0,6.0,5.420045722894653,21.379052717367536,0.0,77.1003865894949,0.0,0.0956134581483967,12.799894442937608,0.5642296183341141,2.247793396123992,527.5914390757831,30.6753823411342
196.0,4.0,5.304995445975445,20.31541825381691,0.0,89.56571855306593,0.0,0.1291623413255111,24.362945153186864,0.5382880266865686,2.0714770744696382,492.2458700029057,26.40219475132446
231.0,5.0,5.304995445975445,19.7836010220416,0.0,38.87336856787707,20.0,0.25695043244407434,12.46431668600666,0.429889233016468,4.71845914566243,516.6248747714868,32.201520766066245
674.0,26.0,5.175450645979801,21.485416163722597,0.0,52.35439424699834,0.0,11.2302868005399,14.151793406573715,0.5373615412705849,3.008244093386092,527.5914390757831,30.6753823411342
315.0,6.0,5.366597169050296,22.336323734563095,0.0,86.88798057570622,0.0,0.644403100165434,15.628335537069889,0.49844915379926674,4.687137696377608,524.1751881349296,23.80775942893997
345.0,6.0,5.698159384423762,17.124514863165043,0.0,16.435771033449214,80.0,0.030783204635631847,4.477566071050084,0.36874119556153934,7.04359734512241,527.5914390757831,35.864252985903164
674.0,26.0,5.7443606767299,21.485416163722597,0.0,89.01170379912945,0.0,5.400863436751607,17.056937988004496,0.6855992078279877,2.207416425787436,422.72449871627566,22.73946253148754
281.0,3.0,6.154736861331484,22.336323734563095,0.0,82.45586254421431,0.0,0.09412755011213433,6.212982471178704,0.5308761433586985,2.5450275577044428,523.0054212758047,33.57504534850509
253.0,6.0,6.4754281843976225,20.421781700171973,0.0,25.577014473401302,80.0,0.06773335707494219,3.413305184783362,0.38078550596932825,5.451104066518616,527.5914390757831,56.924963249965444
353.0,6.0,5.331266769051484,20.102691361106785,0.0,30.47081146650697,12.5,0.11007744157652281,8.427795666922963,0.37893253513736075,6.922679505196313,527.5914390757831,31.896293081079833
674.0,26.0,5.528754645967919,21.485416163722597,0.0,78.57775926665887,0.0,6.0556507150432894,22.330302739776545,0.568862045414033,2.1539355838113114,3.3497869147668773,20.450254894089465
315.0,6.0,5.164579753672474,22.336323734563095,0.0,87.71900270661096,0.0,0.9892196552162366,17.593862399094018,0.49844915379926674,4.034714038485607,476.9059727821081,19.99241336660985
411.0,7.0,7.1829420920661375,15.635426614194166,0.0,88.82703221448395,0.0,1.7265650146903124,3.547536287555742,0.5605236766701791,2.179610649381523,490.90329667595546,76.30692124660247
264.0,7.0,6.174666830561583,16.060880399614415,0.0,37.395995890713095,100.0,0.012299539352183262,3.787234685363562,0.38078550596932825,8.868870782526663,522.2743169888516,48.22597422785277
312.0,6.0,5.168203384441584,19.57087412933147,0.0,71.74491063477551,0.0,0.2177843015460606,11.026126299159737,0.5040080662951694,4.202827123422507,526.9533844253514,24.723442483899202
411.0,7.0,5.8974590767247514,15.635426614194166,0.0,92.33579232274839,0.0,1.2239587686905162,7.08548463919917,0.8069687973218611,1.8813111323832206,484.27018687250836,35.55902530091676
289.0,6.0,6.09404104594891,20.20905480746185,0.0,30.932490428120712,25.0,0.03532681938235318,5.072018097613479,0.3946827872090848,5.7536650051883225,527.5914390757831,42.731875898097385
315.0,6.0,5.188133353671683,22.336323734563095,0.0,64.17337566431013,0.0,0.6233942501267187,10.815191709088854,0.49844915379926674,4.044621843871622,519.6822199714725,27.775719333763302
315.0,10.0,6.231739015175048,18.50723966578085,1.0,71.74491063477551,0.0,0.5355796619027511,9.520820360926624,0.4697281059037699,3.485949462750516,518.9378228793021,41.968806685631364
224.0,7.0,6.925664307459404,15.848153506904293,1.0,45.89088878440595,20.0,0.052642371989896096,2.885968709606157,0.41034039073921047,5.552525902298039,501.23180632982,70.20236754687429
366.0,7.0,6.224491753636831,15.741790060549231,0.0,43.76716556098273,70.0,0.0379378947755541,5.819877098773879,0.37059416639350684,8.339389139854678,519.5625847245166,37.84823293831483
411.0,7.0,5.30318363059089,15.635426614194166,0.0,84.76425735228302,0.0,1.925977308782239,11.160357401932117,0.5605236766701791,2.580290822035314,525.2120269418813,34.64334224595753
285.0,6.0,5.775161538267326,19.7836010220416,0.0,29.824460920247727,0.0,0.12069352442519497,8.993483885749422,0.4530513684160621,4.203253265589647,512.8497180897655,42.884489740590595
445.0,6.0,5.305901353667722,22.54905062727322,0.0,90.67374806093892,0.0,0.21455481355973316,20.44147936505092,0.5781268995738706,1.7776520502263107,521.1311357401613,20.29764105159626
674.0,26.0,5.396492122895444,21.485416163722597,0.0,92.33579232274839,0.0,63.15890758920245,19.770323851189026,0.6290835974529779,1.9204096762183551,21.866664582506004,13.430018139402037
411.0,7.0,7.067891815146929,15.635426614194166,1.0,90.67374806093892,0.0,1.5750367512467247,1.8408836951640604,0.5605236766701791,2.1740708012086976,517.9009840723504,76.30692124660247
392.0,7.0,5.550496430582573,22.229960288208034,0.0,78.67009505898163,0.0,0.11266274977834348,13.509401700448755,0.4817724163115589,2.2611103388471303,515.3487654706232,31.133223868613808
445.0,6.0,5.772443815190494,22.54905062727322,0.0,90.39674068397068,0.0,0.506797709130987,10.66178473449185,0.5781268995738706,2.4795081995066015,512.7832540636788,35.10118377343714
674.0,26.0,5.30318363059089,21.485416163722597,0.0,89.19637538377494,0.0,10.995977140255292,22.809699535392188,0.6855992078279877,2.0194877300785055,319.7185510871942,16.482294989266137
249.0,3.0,5.643804922887128,19.35814723662135,0.0,29.085774581665742,80.0,0.01687751035407829,12.39720113462047,0.35669688515375036,9.683228463932029,454.0822262239545,30.6753823411342
308.0,8.0,5.871187753648711,17.656332094940353,0.0,17.082121579708453,30.0,0.070808241912988,6.097927240230951,0.3965357580410523,6.594443500956395,504.342322750675,36.16948067088957
285.0,6.0,5.336702215205148,19.7836010220416,0.0,20.590881687972892,0.0,0.11717200826989112,10.422086336684028,0.4530513684160621,4.203253265589647,527.5914390757831,34.490728403464324
231.0,5.0,6.967336061304157,19.7836010220416,1.0,47.829940423183665,20.0,0.19057414744849316,6.308861830301832,0.429889233016468,4.651874432046737,519.4429494775605,53.72007255760815
674.0,26.0,5.61028633827287,21.485416163722597,0.0,72.1142538040665,0.0,6.327657776317237,20.633238083297176,0.6290835974529779,2.0621019467925485,128.58130486722223,16.787522674252546
262.0,6.0,5.8720936613409895,18.719966558490977,0.0,29.639789335602234,40.0,0.0685235509439372,6.893725920952915,0.4141389809447439,4.410891036528823,527.5914390757831,44.410628165522645
406.0,7.0,5.688194399808712,19.889964468396663,0.0,68.79016528044755,0.0,0.08720476469463453,11.47675928703844,0.4048741267849062,4.317033224216143,496.6989597507109,30.522768498640993
272.0,7.0,7.607812799744157,13.827248026158108,0.0,84.48724997531478,20.0,0.4467515641511594,5.666470124176874,0.5994360641414973,2.4380658737521945,514.245462637585,74.47555513668401
251.0,6.0,5.539625538275247,17.86905898765048,0.0,58.171549163331484,21.0,0.03725076967208017,9.041423565310984,0.40672709761687376,7.260077566029749,523.6966471471059,31.285837711107014
241.0,5.0,5.462623384431683,19.03905689755616,0.0,78.94710243594987,0.0,0.19692146559183354,18.025319515148094,0.41506546636072766,6.061233114321929,522.0616321053743,25.333897853872024
674.0,26.0,6.070487445949701,21.485416163722597,0.0,83.10221309047355,0.0,4.133169155224975,15.743390768017644,0.6605841015964259,2.767260697868178,339.2722675618849,25.02867016888561
251.0,6.0,5.401927569049108,17.86905898765048,0.0,42.19745709149602,21.0,0.07621076303905173,12.895773802060736,0.40672709761687376,7.260077566029749,525.810203176661,30.064926971161373
285.0,6.0,5.600321353657821,19.7836010220416,0.0,39.150375944845315,0.0,0.17008064123738334,9.079775308960237,0.4530513684160621,4.203253265589647,523.2446917697166,38.153460623301235
356.0,4.0,6.893957538229702,15.635426614194166,0.0,14.496719394671496,82.5,0.01869839187828419,2.981848068729285,0.3844914476332633,6.679778469926266,525.5709326827491,64.55565537462569
,8.0,5.170015199826137,20.421781700171973,0.0,49.86132785428413,0.0,0.14885706460383247,11.51511103068769,0.5419939683505037,2.5373569986959152,527.5914390757831,33.26981766351868
399.0,8.0,5.248829169054257,20.421781700171973,0.0,65.18906937986036,0.0,0.23051329408791507,13.518989636361068,0.5419939683505037,3.081753617217817,527.5914390757831,27.92833317625651
411.0,7.0,5.326737230590098,15.635426614194166,0.0,89.84272593003418,0.0,1.9874234711603944,11.534286902512315,0.5605236766701791,2.5448144866208726,462.76242803087024,29.14924391620215
445.0,6.0,5.157332492134256,22.54905062727322,0.0,88.64236062983845,0.0,0.22258558820658464,16.48166183326573,0.5781268995738706,1.9051750937430847,521.2241853766826,24.723442483899202
392.0,7.0,6.09404104594891,22.229960288208034,0.0,73.77629806587596,0.0,0.12768502235304213,9.031835629398671,0.4817724163115589,2.9593442797067278,524.7467787592748,41.968806685631364
,8.0,5.170015199826137,20.421781700171973,0.0,49.86132785428413,0.0,0.14885706460383247,11.51511103068769,0.5419939683505037,2.5373569986959152,527.5914390757831,33.26981766351868
366.0,7.0,6.224491753636831,15.741790060549231,0.0,43.76716556098273,70.0,0.0379378947755541,5.819877098773879,0.37059416639350684,8.339389139854678,519.5625847245166,37.84823293831483
440.0,8.0,5.370220799819405,18.9326934512011,0.0,81.44016882866408,0.0,0.14716501903652793,15.110586997804996,0.5067875225431206,2.624076929708993,458.48214475089037,27.92833317625651
392.0,7.0,5.642899015194851,22.229960288208034,0.0,84.21024259834654,0.0,0.2264334887860386,14.909240343646427,0.4817724163115589,2.7114360739727816,520.0544185175577,29.607085443681758
284.0,7.0,5.391056676741781,17.443605202230227,1.0,86.61097319873798,0.0,0.09507234712941098,17.181581154864567,0.5095669787910719,3.0781314087971228,527.5914390757831,32.811976136039064
292.0,10.0,5.566802769043563,20.953598931947283,0.0,26.96205135824253,25.0,0.1326580902894347,6.577324035846591,0.4196978934406465,8.325539519422612,519.3233142306046,35.55902530091676
308.0,8.0,6.248045353636039,17.656332094940353,0.0,50.13833523125237,30.0,0.09730550371570124,10.911071068211983,0.3965357580410523,6.750198463046223,520.0810041279924,33.57504534850509
206.0,3.0,7.177506645912474,14.465428704288481,1.0,22.8992764960416,90.0,0.012892184753929522,3.0297877482908495,0.3715206518094906,6.269616634053601,525.7570319557917,76.30692124660247
251.0,6.0,5.898364984417029,17.86905898765048,0.0,19.48285218009991,21.0,0.046037381932752995,5.062430161701166,0.40672709761687376,7.260077566029749,527.5914390757831,38.153460623301235
674.0,26.0,5.148273415211484,21.485416163722597,0.0,92.33579232274839,0.0,58.33760841003973,22.033076726494848,0.6420543932767505,1.5185576126049283,511.73312245150987,7.630692124660248
312.0,6.0,5.4100807382796035,19.57087412933147,0.0,70.82155271154802,0.0,0.3001018889422368,9.559172104575877,0.5040080662951694,3.305265183882973,526.7141139314394,30.98061002612061
674.0,26.0,5.75070203057584,21.485416163722597,0.0,79.50111718988636,0.0,7.29394463120503,16.913118949319806,0.54106748293452,2.1868550662229103,110.92845953860949,22.129007161514718
411.0,7.0,5.070365353675643,15.635426614194166,0.0,87.62666691428822,0.0,2.348224273930759,20.566122531910988,0.8069687973218611,1.6254127610153914,467.70735157171663,23.502531743953565
297.0,6.0,5.550496430582573,17.018151416809978,0.0,16.989785787385703,0.0,0.07098861225264991,8.226449012764395,0.4048741267849062,5.862331257809133,527.5914390757831,36.47470835587598
284.0,4.0,5.583109107504554,19.145420343911226,0.0,64.26571145663287,0.0,0.09880858987955045,10.872719324562732,0.4122860101127764,3.7236302564730916,520.8519868305974,32.65936229354586
231.0,5.0,5.304995445975445,19.7836010220416,0.0,38.87336856787707,20.0,0.25695043244407434,12.46431668600666,0.429889233016468,4.71845914566243,516.6248747714868,32.201520766066245
