RAD,B,PTRATIO,DIS,CHAS,INDUS,AGE,ZN,NOX,LSTAT,RM,TAX,MEDV
2.0,577.2564334105872,15.456767573445774,4.054793311726227,0.0,1.9296353259312655,52.485310059759165,18.0,0.5728106810612406,6.227472877855116,5.939443161894046,281.0,16.44842674100117
25.0,577.2564334105872,20.40697418193494,1.4767775347548626,0.0,15.119653419634592,80.49894180944656,0.0,0.7378397806234938,38.25268982602169,4.9258986405792,651.0,3.4267555710419106
6.0,566.7992055037539,15.355742948782728,6.424021931863963,0.0,2.873569489698508,24.793674077309543,45.0,0.46527559037873994,5.86482887492781,6.087590489430262,383.0,20.903208983355654
5.0,577.2564334105872,21.2151711792393,3.9426668756489076,0.0,6.799667338995888,73.8175296392625,0.0,0.5728106810612406,23.409295637238507,5.548298083703914,292.0,10.417336935967407
5.0,536.0529192797685,17.07316156805448,5.8230400967616545,0.0,2.7065014961113856,25.920659262641795,0.0,0.48976377934604204,11.367013746928315,5.550104758429965,415.0,13.569952061325967
6.0,566.784661375928,13.133201206195755,1.7854970059703996,0.0,3.3162996727043828,69.95358043240907,20.0,0.6888634026888896,6.402542396509678,7.862648407775784,249.0,34.2675557104191
7.0,569.4026043845928,17.98238319002188,2.7354488278031797,0.0,8.361753079035482,52.485310059759165,0.0,0.5823930158745326,17.019258206347015,5.177026427500347,417.0,13.227276504221775
6.0,577.2564334105872,14.850619825467508,1.3343145032401784,0.0,16.355956572179295,78.72796508963874,0.0,0.9273570691530492,36.6270442956579,4.429063090915058,388.0,8.08714314765891
3.0,549.8989289700401,19.295703310641457,2.0689359809881327,0.0,21.426470177548467,74.78351694097587,0.0,0.6185929473914139,22.421403353402052,5.38479402099626,173.0,14.049697841271833
6.0,559.1635383951483,17.174186192717528,12.022115182065548,0.0,1.6873867352299377,29.060117993210213,90.0,0.4365285859388635,5.627234528182334,6.0776537784369795,172.0,20.629068537672303
7.0,501.6415128436524,17.98238319002188,2.441897654306325,0.0,8.361753079035482,71.00006667593188,0.0,0.5823930158745326,19.70782581425635,5.354983888016411,417.0,12.541925390013393
5.0,548.5608692100559,19.3967279353045,5.241786962613712,0.0,9.030025053383973,4.990934392185688,0.0,0.43972269754329424,9.428744076109954,5.641341832095562,290.0,16.03721607247614
5.0,577.2564334105872,21.417220428565386,1.42700965596546,0.0,18.285591898110564,80.49894180944656,0.0,0.6643752137215875,43.02958669216758,4.533850225026041,422.0,9.869056044600702
7.0,572.0060032654317,19.3967279353045,2.7745096729088066,0.0,8.094444289296087,23.183695241120613,0.0,0.6228517628639882,22.008739488002018,5.121922848355778,376.0,15.831610738213628
5.0,568.5881332263415,18.790580187326235,3.621158447533305,1.0,8.846250260438138,43.30843069348225,0.0,0.5206401915222055,20.04545988594729,5.2456800670903005,262.0,15.35186495826776
6.0,549.3026197291775,15.355742948782728,6.424021931863963,0.0,2.873569489698508,17.30727248903101,45.0,0.46527559037873994,6.377532465273311,6.279098010391713,383.0,25.357991225710137
4.0,574.7112110410519,18.68955556266319,3.715340688270222,0.0,3.7506764560309014,45.723398947765645,0.0,0.4780520367964628,10.554190981746421,5.529327999080374,232.0,15.214794735426082
25.0,462.5178089919396,20.40697418193494,2.054164240072553,0.0,15.119653419634592,77.6009799043065,0.0,0.7878808624262416,22.246333834747492,5.72806221894603,651.0,10.211731601704894
25.0,577.2564334105872,20.40697418193494,1.4043067789878243,0.0,15.119653419634592,73.9785275228814,0.0,0.7144162955243353,21.52104582889288,6.29445474556315,651.0,7.127651587767175
25.0,561.3451575690356,20.40697418193494,2.04732363521903,0.0,15.119653419634592,78.24497143878206,0.0,0.7878808624262416,24.409692886693144,5.786779147542701,651.0,11.719504052963336
5.0,556.7492131760463,22.22541742586974,10.494578376513525,0.0,1.5954993387570202,17.629268256268798,80.0,0.43972269754329424,10.066497322637288,5.115599486814599,319.0,12.473390278592554
7.0,577.2564334105872,19.3967279353045,2.8677996608387426,0.0,8.094444289296087,56.83225291746927,0.0,0.6228517628639882,17.632001521637978,5.233936681370966,376.0,12.541925390013393
6.0,432.0914935801243,14.850619825467508,2.08192321628975,0.0,16.355956572179295,77.35948307887814,0.0,0.6441458402268596,13.88051183618309,5.7081887969594645,388.0,16.311356518159496
9.0,561.272436929906,17.578284691369703,3.80535908257456,0.0,5.179107801200799,59.00572434632433,0.0,0.5398048611487898,3.0887265076911925,7.531123595545347,292.0,28.579141462489538
5.0,577.2564334105872,19.3967279353045,5.072655486090363,0.0,4.134932841281283,22.2982068812167,80.0,0.4375932898070071,4.451767760073135,6.457055470907778,230.0,25.563596559972652
4.0,574.4348726123595,18.790580187326235,3.8837781903881403,0.0,5.8139661768318645,47.25287884214514,20.0,0.4940225948186163,9.666338422855432,5.906019679462095,208.0,16.722567186684522
9.0,555.585682949973,17.578284691369703,2.8694850272519297,0.0,5.179107801200799,66.81412170184065,0.0,0.5366107495443591,5.789799081218712,7.8816184923993236,292.0,34.2675557104191
6.0,564.2685272620447,17.780333940695794,6.409745886952261,0.0,3.157585078796616,22.620202648454487,55.0,0.5153166721814877,5.764789149982347,6.209541033438733,355.0,21.382954763301523
7.0,569.0390011889449,16.77008769406535,6.281558900349278,0.0,4.11822604192257,43.71092540252948,30.0,0.4556932555654478,14.230650873492214,6.230317792788325,285.0,15.077724512584407
6.0,576.0347266732102,18.89160481198928,4.463841654126775,0.0,10.71741178861391,29.462612702257445,0.0,0.46527559037873994,11.379518712546497,5.306203670413023,383.0,13.912627618430157
6.0,577.2564334105872,19.3967279353045,3.331374563665927,0.0,4.978626208896252,54.90027831404256,0.0,0.5312872302036412,12.10480671840111,5.35950057483154,264.0,12.953136058538421
25.0,575.1184466201776,20.40697418193494,2.699263019520049,1.0,15.119653419634592,67.13611746907844,0.0,0.8198219784705486,14.355700529674044,5.534748023258528,651.0,15.557470292530274
6.0,577.2564334105872,16.56803844473926,2.8644289280123685,1.0,11.602872154625661,75.50800741726088,0.0,0.5855871274789634,22.408898387783875,5.375760647366002,261.0,14.735048955480217
9.0,577.2564334105872,19.90185105861972,7.163302952048375,0.0,4.285294035509693,54.57828254680477,25.0,0.4823108522690371,8.415841861037135,5.831946015693987,269.0,15.214794735426082
25.0,577.2564334105872,20.40697418193494,1.775781364294381,0.0,15.119653419634592,74.54202011554752,0.0,0.7378397806234938,18.970032842783557,5.594368289218225,651.0,9.457845376075674
25.0,571.7296648367393,20.40697418193494,1.6193397054703225,0.0,15.119653419634592,79.61345344954266,0.0,0.7378397806234938,24.909891511420465,5.1914798253087575,651.0,5.825484470771248
25.0,547.0191916605088,20.40697418193494,1.6248915007137619,0.0,15.119653419634592,80.49894180944656,0.0,0.7378397806234938,25.3975851705296,5.78497247281665,651.0,8.292748481921423
25.0,536.3001694528091,20.40697418193494,2.883364515360528,0.0,15.119653419634592,57.15424868470706,0.0,0.6175282435232704,22.67150266576571,5.35317721329036,651.0,13.0902062813801
25.0,185.23401199086013,20.40697418193494,1.6333183327796965,0.0,15.119653419634592,71.72455715221689,0.0,0.7229339264694838,33.313228406839414,4.791301373488368,651.0,7.127651587767175
25.0,486.35563449861513,20.40697418193494,3.0401035917869135,0.0,15.119653419634592,38.80048995215325,0.0,0.6973810336340381,17.669516418492528,5.202319873665067,651.0,13.638487172746803
25.0,577.2564334105872,20.40697418193494,2.937891075787164,0.0,15.119653419634592,52.64630794337806,0.0,0.6973810336340381,16.531564547237878,5.608821687026635,651.0,14.666513844059377
25.0,395.9057035492465,20.40697418193494,2.759143096788573,0.0,15.119653419634592,67.37761429450678,0.0,0.7591338579863651,20.29555919831095,5.691928724425002,651.0,-10.211731601704894
3.0,569.882560602848,18.18443243934797,3.4651133455123495,0.0,2.414132507333921,56.027263499374804,0.0,0.4737932213238885,14.18063101101948,5.567268168327454,261.0,14.666513844059377
6.0,492.92958027592897,14.850619825467508,1.7829193867502315,1.0,16.355956572179295,74.54202011554752,0.0,0.6441458402268596,6.87773109000063,5.64585851891069,388.0,18.50448008362632
5.0,509.69895965920955,18.588530938000144,2.497713024343046,0.0,8.269865682562566,30.4286000039708,0.0,0.5791989042701019,15.806276541383268,4.492296706326858,289.0,11.034152938754954
6.0,577.2564334105872,16.77008769406535,2.573752791338009,0.0,3.383126870139231,71.24156350136022,0.0,0.5429989727532205,18.369794493110774,5.033395786779258,281.0,15.831610738213628
25.0,457.6164379146061,20.40697418193494,1.4421779536841426,0.0,15.119653419634592,78.8084640314482,0.0,0.635628209281711,33.013109232003025,5.074045968115415,651.0,11.788039164384172
6.0,572.29688582195,21.11414655457625,2.7538887191474606,0.0,7.150510125528846,43.79142434433893,0.0,0.5536460114346562,16.256455303637853,5.596174963944277,369.0,14.872119178321892
25.0,415.7148056481434,20.40697418193494,1.4271087951662356,0.0,15.119653419634592,73.41503493021527,0.0,0.7452927077004987,38.30270968849442,3.9457776016963035,651.0,6.031089805033763
5.0,577.2564334105872,21.417220428565386,1.9628570361581312,0.0,18.285591898110564,76.2324978935459,0.0,0.6643752137215875,22.934106943747555,5.092112715375929,422.0,9.800520933179865
8.0,565.9556460898508,19.295703310641457,7.886424282506349,0.0,4.895092212102691,56.51025715023149,22.0,0.4588873671698785,23.084166531165753,5.063205919759107,315.0,12.678995612855068
6.0,575.3656967932181,15.355742948782728,5.512635259132931,0.0,6.5741255476532725,53.61229524509141,12.5,0.5579048269072305,15.543672263401424,5.430864226510571,296.0,15.69454051537195
6.0,577.2564334105872,15.052669074793597,4.065401206209227,0.0,2.7816820932255903,25.920659262641795,20.0,0.471557343200787,6.064908324818737,6.15353411693114,201.0,24.055824108714212
6.0,562.7995703516272,18.89160481198928,4.055289007730106,0.0,10.71741178861391,36.868515348726525,0.0,0.46527559037873994,12.842599689873904,5.546491408977862,383.0,14.25530317553435
5.0,577.2564334105872,17.780333940695794,4.104660329716405,0.0,5.354529194467277,25.84016032083235,40.0,0.47592262906017563,8.99107027947355,5.8554327871326555,239.0,19.94371742346392
4.0,571.0460908289213,17.98238319002188,3.1716613112162704,0.0,2.054936321121607,43.14743280986336,0.0,0.519575487654062,5.564709700091419,7.074034889854339,178.0,34.2675557104191
25.0,571.1188114680508,20.40697418193494,3.5153769203056306,0.0,15.119653419634592,64.23815556393836,0.0,0.620722355127701,18.732438496038082,5.523004637539193,651.0,13.0902062813801
25.0,571.4678705358729,20.40697418193494,4.063021865390611,0.0,15.119653419634592,32.44107354920696,0.0,0.5664224578523791,13.030174174146648,5.2050298857541435,651.0,14.940654289742731
2.0,572.2387093106463,21.2151711792393,2.368336367330754,0.0,9.96560581747186,71.88555503583578,0.0,0.6100753164462653,8.103217720582562,6.137274044396676,258.0,15.077724512584407
6.0,569.0099129332931,21.11414655457625,2.5231917989424013,0.0,7.150510125528846,73.41503493021527,0.0,0.5536460114346562,19.44522153627451,5.62688843428715,369.0,13.295811615642613
6.0,577.2564334105872,20.40697418193494,5.933778584028114,0.0,4.3354144335858305,27.772134924259067,0.0,0.5483224920939384,10.016477460164554,5.453447660586214,209.0,14.460908509796864
25.0,349.8153624689202,20.40697418193494,1.879282689904214,0.0,15.119653419634592,77.76197778792537,0.0,0.7878808624262416,29.74931320565727,5.288136923152509,651.0,7.401792033450527
25.0,572.122356288039,20.40697418193494,2.8715669504682193,0.0,15.119653419634592,60.37420635708492,0.0,0.6175282435232704,17.957130627710736,5.814782605796498,651.0,15.900145849634464
9.0,549.055369556137,17.578284691369703,3.346047165380731,0.0,5.179107801200799,13.684820107605915,0.0,0.5366107495443591,4.901946522327722,6.943050972215611,292.0,32.00589703353145
5.0,577.2564334105872,18.790580187326235,3.841644030058467,1.0,8.846250260438138,80.49894180944656,0.0,0.5206401915222055,28.873965612384463,4.827434868009397,262.0,13.707022284167643
9.0,549.8843848422141,19.90185105861972,6.7598064048912665,0.0,4.285294035509693,75.1860116500231,25.0,0.4823108522690371,18.0571703526562,5.389310707811388,269.0,10.965617827334114
5.0,567.3809706167906,20.3059495572719,1.8520194096908962,0.0,23.172330710533895,79.53295450773321,0.0,0.648404655699434,22.596472872056616,5.404667442982825,696.0,9.320775153233997
5.0,500.3907178506237,20.3059495572719,1.7402895304166794,0.0,23.172330710533895,79.13045979868598,0.0,0.648404655699434,29.974402586784564,4.890668483421196,696.0,4.797457799458675
8.0,561.5342312307724,19.295703310641457,8.830031195489484,0.0,4.895092212102691,5.473928043042366,22.0,0.4588873671698785,4.414252863218586,6.284518034569867,315.0,20.286392980568113
5.0,445.60298833039985,21.2151711792393,4.41506516734513,0.0,6.799667338995888,71.48306032678855,0.0,0.5728106810612406,21.608580588220164,5.462481034216471,292.0,10.143196490284057
5.0,576.2819768462508,18.588530938000144,3.9674516758428333,0.0,8.269865682562566,47.33337778395458,0.0,0.5791989042701019,15.918821231946913,5.5221013001761685,289.0,14.392373398376025
6.0,564.8502923750813,13.133201206195755,2.1213806181984793,0.0,3.3162996727043828,71.96605397764523,20.0,0.6888634026888896,9.07860503880083,6.793096969953342,249.0,29.53863302238127
2.0,571.424238152395,16.56803844473926,9.140931729122086,0.0,3.0406374832856304,25.7596613790229,80.0,0.4173639163122793,8.215762411146208,5.517584613361039,300.0,15.009189401163567
6.0,572.6604890175979,16.56803844473926,3.334348739689198,1.0,11.602872154625661,74.38102223192863,0.0,0.5855871274789634,13.130213899092112,5.756969014562853,261.0,15.763075626792789
6.0,246.1884517092721,14.850619825467508,1.503545118964302,0.0,16.355956572179295,80.49894180944656,0.0,0.9273570691530492,20.820767754274634,5.083982679108699,388.0,10.691477381650762
9.0,547.0628240439866,17.578284691369703,3.6398957564799126,0.0,5.179107801200799,61.903686251464414,0.0,0.5366107495443591,6.565106949546056,6.695536534746566,292.0,21.725630320405713
5.0,574.3039754619264,18.790580187326235,4.3174130545810625,0.0,8.846250260438138,42.26194444995945,0.0,,13.717947283146712,5.714512158500644,262.0,16.722567186684522
5.0,577.2564334105872,21.417220428565386,2.251451249616201,0.0,18.285591898110564,78.64746614782929,0.0,0.6643752137215875,15.331087847892313,5.714512158500644,422.0,13.43288183848429
6.0,574.1439900558413,21.11414655457625,2.7538887191474606,0.0,7.150510125528846,64.31865450574782,0.0,0.5536460114346562,11.779677612328351,6.076750441073955,369.0,18.84715564073051
4.0,577.2564334105872,18.89160481198928,6.010016629424629,0.0,1.8210411300996359,43.63042646072004,0.0,0.4876343716097549,6.6651466744915195,6.4561521335447525,207.0,24.809710334343436
5.0,576.4274181245099,18.386481688674056,3.6343439612364734,0.0,12.563513117751615,23.26419418293006,28.0,0.4940225948186163,7.765583648891621,5.6106283617526875,255.0,17.13377785520955
5.0,577.2564334105872,19.19467868597841,5.3542108162933575,0.0,4.059752244167078,25.920659262641795,25.0,0.45356384782916065,8.403336895418951,5.692832061788027,266.0,16.996707632367876
5.0,576.252888590599,19.093654061315366,6.44206526640514,0.0,5.070513605369169,17.226773547221566,12.5,0.43546388207071995,10.1290221507282,5.309817019865126,330.0,15.077724512584407
7.0,573.7803868601934,17.98238319002188,2.723750402111647,0.0,8.361753079035482,66.49212593460285,0.0,0.5823930158745326,12.880114586728453,5.438994262777802,417.0,13.158741392800936
25.0,569.3298837454632,20.40697418193494,1.8501357648761578,0.0,15.119653419634592,74.38102223192863,0.0,0.7878808624262416,27.648478981802533,5.255616778083583,651.0,7.196186699188012
25.0,515.6620520678349,20.40697418193494,1.8883043571748033,1.0,15.119653419634592,66.73362276003121,0.0,0.764457377327083,6.615126812018788,7.931302047365737,651.0,15.009189401163567
25.0,577.2564334105872,20.40697418193494,1.766759697023792,0.0,15.119653419634592,76.2324978935459,0.0,0.7378397806234938,20.44561878572915,5.317947056132357,651.0,8.703959150446453
5.0,577.2564334105872,20.3059495572719,2.0917379971665446,0.0,23.172330710533895,67.21661641088788,0.0,0.648404655699434,16.694129100274257,5.404667442982825,696.0,13.775557395588482
25.0,39.98180739344178,20.40697418193494,1.985361634734216,0.0,15.119653419634592,75.10551270821364,0.0,0.7878808624262416,22.57146294082025,5.836462702509116,651.0,6.579370696400468
25.0,577.2564334105872,20.40697418193494,1.560550159410331,0.0,15.119653419634592,80.49894180944656,0.0,0.7378397806234938,25.410090136147783,5.729868893672081,651.0,4.934528022300351
8.0,575.5838587106069,16.26496457075013,5.4444274889992474,0.0,5.087220404727882,32.521572491016414,34.0,0.46101677490616566,11.879717337273815,5.9529932223394315,314.0,15.077724512584407
5.0,568.5881332263415,17.174186192717528,8.272174912724605,0.0,1.6790333355505813,23.90818571740563,80.0,0.4631461826424528,7.490474405291596,5.993643403675589,265.0,16.79110229810536
25.0,3.7814732347380366,20.40697418193494,1.4008369069606745,0.0,15.119653419634592,80.49894180944656,0.0,0.635628209281711,12.642520239982975,5.2005131989390145,651.0,10.280266713125732
6.0,561.9850991933758,18.89160481198928,4.970938666094493,0.0,10.71741178861391,43.227931751672806,0.0,0.46527559037873994,15.431127572837777,5.629598446376227,383.0,14.5294436212177
6.0,577.2564334105872,19.80082643395668,4.680460807821684,0.0,6.1648089633648215,32.28007566558807,0.0,0.5248990069947799,7.653038958327974,5.794909183809932,272.0,17.13377785520955
5.0,576.2965209740768,18.588530938000144,3.0757937040661663,0.0,8.269865682562566,61.74268836784552,0.0,0.5791989042701019,12.467450721328415,5.394730731989543,289.0,13.912627618430157
3.0,577.2564334105872,17.98238319002188,4.924343241729913,0.0,5.905853573304782,63.513665087653344,0.0,0.49934611415933416,11.42953857501923,5.800329207988087,227.0,14.803584066901054
6.0,570.7115758889252,13.133201206195755,1.9694002234093275,0.0,3.3162996727043828,50.55333545633244,20.0,0.6888634026888896,13.067689071001196,5.02255573842295,249.0,15.626005403951114
25.0,562.4650554116312,20.40697418193494,1.9613699481464957,0.0,15.119653419634592,80.49894180944656,0.0,0.7878808624262416,23.57186019027489,5.858142799221732,651.0,10.554407158809084
7.0,558.174537702986,16.77008769406535,6.136617388815201,0.0,4.11822604192257,33.970553443586454,30.0,0.4556932555654478,9.216159660600844,5.967446620147843,285.0,15.968680961055304
5.0,420.3107500411328,21.2151711792393,3.7638197574495407,0.0,6.799667338995888,29.462612702257445,0.0,0.5728106810612406,14.618304807655884,4.928608652668276,292.0,13.844092507009318
25.0,565.0684542924699,20.40697418193494,2.179079633049938,0.0,15.119653419634592,77.76197778792537,0.0,0.7878808624262416,20.558163476292794,5.6467618562737165,651.0,8.635424039025615
6.0,331.0388934456633,14.850619825467508,2.4050178716177637,0.0,16.355956572179295,63.755161913081686,0.0,0.6441458402268596,15.181028260474118,5.3089136825021,388.0,16.311356518159496
25.0,577.2564334105872,20.40697418193494,1.5053296245782648,0.0,15.119653419634592,72.04655291945468,0.0,0.7452927077004987,40.0033850125673,4.516686815128552,651.0,5.071598245142028
6.0,380.98342839985713,14.850619825467508,1.609227506991201,0.0,16.355956572179295,79.29145768230487,0.0,0.9273570691530492,19.7453407111109,5.157153005513781,388.0,13.295811615642613
5.0,562.494143667283,21.2151711792393,4.221248029828631,0.0,6.799667338995888,65.76763545831784,0.0,0.5728106810612406,18.34478456187441,5.410990804524006,292.0,11.993644498646688
25.0,569.3007954898114,20.40697418193494,2.5450024231130555,0.0,15.119653419634592,71.16106455955077,0.0,0.7591338579863651,18.319774630638044,5.75967902665193,651.0,12.130714721488363
6.0,577.2564334105872,15.355742948782728,6.17310061470066,0.0,6.5741255476532725,66.73362276003121,12.5,0.5579048269072305,16.594089375328792,5.428154214421494,296.0,12.953136058538421
6.0,567.9481916020012,15.355742948782728,5.403978695082761,0.0,6.5741255476532725,31.394587305684162,12.5,0.5579048269072305,19.645300986165438,5.319753730858409,296.0,14.872119178321892
7.0,577.2564334105872,19.3967279353045,2.361198344874903,0.0,8.094444289296087,34.29254921082424,0.0,0.6228517628639882,16.994248275110646,5.35317721329036,376.0,16.79110229810536
5.0,548.2263542700598,19.3967279353045,5.241786962613712,0.0,9.030025053383973,14.08731481665315,0.0,0.43972269754329424,12.35490603076477,5.38479402099626,290.0,14.872119178321892
5.0,539.2671715292958,18.487506313337104,10.618105820680052,0.0,1.4117245458111853,28.899120109591315,60.0,0.4375932898070071,6.865226124382447,5.943056511346149,396.0,16.51696185242201
8.0,577.2564334105872,19.295703310641457,8.830031195489484,0.0,4.895092212102691,6.761911111993512,22.0,0.4588873671698785,4.426757828836769,7.460663281229343,315.0,29.333027688118754
4.0,577.2564334105872,17.98238319002188,2.575537296951972,0.0,2.054936321121607,50.07034180547576,0.0,0.519575487654062,11.8171925091829,5.550104758429965,178.0,24.809710334343436
5.0,574.6239462740964,20.3059495572719,1.8052257069247646,0.0,23.172330710533895,74.62251905735697,0.0,0.648404655699434,22.58396790643843,4.926801977942224,696.0,10.417336935967407
6.0,575.8456530114734,18.08340781468492,8.621739734659732,0.0,1.0191147608814475,17.629268256268798,90.0,0.4290756588618586,6.014888462346005,6.548292544573375,211.0,24.261429442976727
25.0,577.2564334105872,20.40697418193494,1.754763853729932,0.0,15.119653419634592,78.08397355516317,0.0,0.7452927077004987,32.11275170749385,4.549206960197478,651.0,6.6479058078213065
25.0,577.2564334105872,20.40697418193494,1.5061227381844706,0.0,15.119653419634592,79.77445133316154,0.0,0.7144162955243353,26.360467523129685,5.9123430410032745,651.0,7.470327144871366
25.0,577.2564334105872,20.40697418193494,2.242132164743285,0.0,15.119653419634592,79.45245556592377,0.0,0.7591338579863651,22.67150266576571,5.587141590314019,651.0,9.663450710338187
5.0,574.7984758080074,18.588530938000144,3.5020922674016868,0.0,8.269865682562566,54.095288895948094,0.0,0.5791989042701019,12.95514438043755,5.7650990508300834,289.0,15.831610738213628
6.0,573.1113569802013,21.11414655457625,2.0887638211432735,0.0,7.150510125528846,77.84247672973483,0.0,0.5536460114346562,20.59567837314734,5.285426911063432,369.0,13.364346727063452
6.0,563.8612916829189,21.11414655457625,2.104130397263507,0.0,7.150510125528846,68.58509842164848,0.0,0.5536460114346562,17.619496556019797,5.534748023258528,369.0,13.981162729850995
25.0,459.6380716824083,20.40697418193494,1.7372162151926327,0.0,15.119653419634592,73.57603281383416,0.0,0.764457377327083,17.50695186545615,4.483263332696601,651.0,15.009189401163567
25.0,146.35755831218793,20.40697418193494,2.203071319637658,0.0,15.119653419634592,76.47399471897424,0.0,0.7591338579863651,18.970032842783557,5.607918349663611,651.0,8.01860803623807
8.0,572.6604890175979,19.295703310641457,7.759129548710346,0.0,4.895092212102691,14.08731481665315,22.0,0.4588873671698785,8.203257445528024,6.0686204048067225,315.0,17.95619919225961
5.0,547.6882215405009,21.2151711792393,3.7652077062604,0.0,6.799667338995888,78.96946191506707,0.0,0.5728106810612406,26.28543772942059,5.031589112053207,292.0,9.320775153233997
9.0,577.2564334105872,19.90185105861972,6.872329397771689,0.0,4.285294035509693,37.995500534058785,25.0,0.4823108522690371,11.529578299964694,5.354080550653386,269.0,13.43288183848429
6.0,535.5729630615133,14.951644450130553,7.760418358320431,0.0,1.8711615281757727,16.180287303698762,70.0,0.4258815472574279,6.214967912236933,5.731675568398132,343.0,15.420400069688597
25.0,544.7648518474919,20.40697418193494,2.4965233539337373,0.0,15.119653419634592,70.83906879231299,0.0,0.8198219784705486,9.74136821656453,5.779552448638495,651.0,17.13377785520955
25.0,27.372048568373017,20.40697418193494,1.8468641712505596,0.0,15.119653419634592,63.352667204034454,0.0,0.7229339264694838,18.15721007760166,5.602498325485456,651.0,7.470327144871366
25.0,481.83241074475546,20.40697418193494,2.5184331173051673,0.0,15.119653419634592,76.07150000992701,0.0,0.6217870589958446,26.660586697966078,5.4227341902433395,651.0,13.0902062813801
6.0,251.48251423790535,14.850619825467508,1.4068843982079924,0.0,16.355956572179295,80.49894180944656,0.0,0.9273570691530492,34.76380441854864,5.537458035347605,388.0,9.457845376075674
6.0,557.4618754395162,13.133201206195755,1.8782912978964572,0.0,3.3162996727043828,80.49894180944656,20.0,0.6888634026888896,9.74136821656453,6.624172883067534,249.0,24.672640111501757
5.0,570.7552082724029,18.08340781468492,8.461828203808524,0.0,3.466660866932793,22.2982068812167,85.0,0.4567579594335914,7.953158133164365,5.886146257475529,336.0,15.831610738213628
25.0,577.2564334105872,20.40697418193494,1.5751236219243594,0.0,15.119653419634592,80.49894180944656,0.0,0.7378397806234938,33.4757929598758,5.408280792434929,651.0,3.83796623956694
25.0,560.079818448181,20.40697418193494,2.3478145527701835,0.0,15.119653419634592,73.89802858107194,0.0,0.7591338579863651,21.59607562260198,5.688315374972898,651.0,11.034152938754954
4.0,577.2564334105872,17.174186192717528,7.587519592167606,0.0,1.2279497528653507,12.316338096845325,95.0,0.4290756588618586,5.702264321891431,6.30077810710433,387.0,23.918753885872537
25.0,539.1944508901663,20.40697418193494,3.6919438368871567,0.0,15.119653419634592,33.72905661815811,0.0,0.620722355127701,16.681624134656072,5.303493658323946,651.0,14.118232952692672
5.0,561.1269956516469,18.790580187326235,3.9114380274045613,0.0,8.846250260438138,26.00115820445124,0.0,0.5206401915222055,11.72965774985562,5.758775689288904,262.0,19.25836630925554
4.0,571.9332826263021,18.790580187326235,9.143509348342253,0.0,1.1527691557511455,47.896870376620704,17.5,0.44302327953453935,10.066497322637288,6.417308626934647,201.0,22.61658676887661
2.0,496.82740653327437,18.386481688674056,9.01096023690514,0.0,1.4701983435666783,25.35716666997567,80.0,0.4099109892352743,16.168920544310573,5.627791771650177,226.0,13.775557395588482
7.0,577.2564334105872,16.77008769406535,7.254213599159693,0.0,4.44400862941746,36.707517465107635,52.5,0.4312050665981457,9.503773869819051,5.704575447507362,278.0,15.283329846846922
25.0,574.9730053419185,20.40697418193494,3.0726212496413434,0.0,15.119653419634592,73.01254022116804,0.0,0.5664224578523791,16.093890750601474,5.62688843428715,651.0,13.43288183848429
7.0,575.3511526653922,17.98238319002188,2.6544521007694315,0.0,8.361753079035482,65.68713651650839,0.0,0.5823930158745326,12.705045068073892,6.065910392717646,417.0,15.626005403951114
4.0,577.2564334105872,18.08340781468492,5.056495796363923,0.0,5.772199178435084,27.208642331592937,0.0,0.47698733292831924,12.767569896164806,5.132762896712087,218.0,13.227276504221775
9.0,553.171357730871,17.578284691369703,3.346047165380731,0.0,5.179107801200799,17.226773547221566,0.0,0.5366107495443591,4.701867072436794,5.918666402544455,292.0,-21.588560097564038
5.0,547.9209275857156,21.2151711792393,4.139061632385574,0.0,6.799667338995888,80.49894180944656,0.0,0.5728106810612406,16.306475166110584,5.485064468292114,292.0,9.93759115602154
2.0,570.1152666480626,21.2151711792393,2.457264230426559,0.0,9.96560581747186,55.62476879032757,0.0,0.6100753164462653,12.092301752782927,5.955703234428509,258.0,15.35186495826776
4.0,575.3075202819145,17.98238319002188,2.717405493262002,0.0,2.054936321121607,67.05561852726899,0.0,0.519575487654062,9.45375400734632,7.014414623894641,178.0,27.276974345493606
5.0,577.2564334105872,21.2151711792393,4.666977876516189,0.0,6.799667338995888,49.748346038237976,0.0,0.5728106810612406,10.329101600619127,5.373953972639951,292.0,13.981162729850995
25.0,572.6604890175979,20.40697418193494,1.3741684619520107,0.0,15.119653419634592,80.49894180944656,0.0,0.7144162955243353,27.235815116402495,5.621468410108996,651.0,6.9905813649254975
4.0,573.7076662210637,18.08340781468492,5.671654537177157,0.0,5.772199178435084,5.232431217614026,0.0,0.47698733292831924,9.303694419928126,5.6106283617526875,218.0,16.928172520947037
4.0,571.2060762350063,18.08340781468492,5.640425688932811,0.0,5.772199178435084,68.82659524707681,0.0,0.47698733292831924,23.509335362183972,5.447124299045035,218.0,11.376828495859144
6.0,566.7992055037539,20.40697418193494,6.402806142897962,0.0,4.3354144335858305,30.670096829399142,0.0,0.5483224920939384,7.102820471127923,5.705478784870387,209.0,15.214794735426082
2.0,567.1628086994018,16.06291532142404,6.212954573412492,0.0,1.578792539398308,48.0578682602396,0.0,0.5515166036983691,10.816795259728265,5.907826354188146,407.0,11.308293384438304
6.0,577.2564334105872,19.80082643395668,4.680460807821684,0.0,6.1648089633648215,40.16897196291384,0.0,0.5248990069947799,9.628823526000883,5.457061010038317,272.0,13.981162729850995
9.0,560.0216419368774,17.578284691369703,2.8694850272519297,0.0,5.179107801200799,63.03067143679666,0.0,0.5366107495443591,5.177055765927746,7.4669866427705225,292.0,30.70372991653552
6.0,562.3196141333719,15.355742948782728,6.029745330378994,0.0,6.5741255476532725,80.49894180944656,12.5,0.5579048269072305,37.42736209522161,5.086692691197776,296.0,11.308293384438304
6.0,563.3086148255342,15.052669074793597,4.654288058816899,0.0,2.7816820932255903,51.921817467093035,20.0,0.471557343200787,4.701867072436794,7.064098178861056,201.0,31.11494058506055
7.0,573.9403722662785,16.77008769406535,6.281558900349278,0.0,4.11822604192257,52.40481111794971,30.0,0.4556932555654478,15.506157366546876,5.505841227641705,285.0,13.775557395588482
25.0,424.03404676456717,20.40697418193494,1.9344040855355047,0.0,15.119653419634592,70.51707302507519,0.0,0.6537281750401518,17.632001521637978,5.102049426369212,651.0,14.25530317553435
25.0,577.2564334105872,20.40697418193494,1.3741684619520107,0.0,15.119653419634592,77.4399820206876,0.0,0.7144162955243353,29.624263549475444,5.763292376104032,651.0,8.978099596129805
9.0,569.6934869411111,17.578284691369703,2.8370665085982747,1.0,5.179107801200799,71.24156350136022,0.0,0.5398048611487898,12.142321615255659,6.279098010391713,292.0,18.2988747493638
5.0,577.2564334105872,16.26496457075013,6.554588259285563,0.0,2.815095691943015,25.03517090273788,80.0,0.42375213952114077,12.805084793019356,5.2276133198297865,322.0,13.295811615642613
25.0,549.3753403683071,20.40697418193494,2.1039321188619557,1.0,15.119653419634592,78.40596932240096,0.0,0.8198219784705486,22.008739488002018,5.611531699115713,651.0,12.199249832909203
6.0,564.1521742394373,13.133201206195755,1.9134857141718316,0.0,3.3162996727043828,73.73703069745305,20.0,0.6888634026888896,10.1290221507282,6.50944903796327,249.0,25.015315668605947
2.0,574.1149018001894,15.658816822771861,6.977317811393157,0.0,1.2697167512621312,39.68597831205715,35.0,0.4705991097194578,6.865226124382447,6.541065845669169,269.0,22.410981434614097
5.0,571.2642527463099,14.850619825467508,5.073944295700448,0.0,2.238711114067442,26.725648680736263,95.0,0.44302327953453935,4.764391900527709,7.093908311840904,209.0,33.239529039106536
9.0,563.4104237203156,17.578284691369703,3.188019279344261,0.0,5.179107801200799,69.63158466517127,0.0,0.5366107495443591,3.9140542384912673,7.262832398726711,292.0,25.76920189423517
25.0,5.090444739070434,20.40697418193494,2.7552766679583205,0.0,15.119653419634592,64.6406502729856,0.0,0.7591338579863651,21.18341175720194,5.362210586920617,651.0,9.25224004181316
4.0,563.0177322690159,17.98238319002188,3.251468367840711,0.0,2.054936321121607,55.38327196489924,0.0,0.519575487654062,16.444029787910598,5.558234794697196,178.0,20.286392980568113
5.0,507.4882522296704,18.790580187326235,3.5566188278283226,0.0,8.846250260438138,7.888896297325764,0.0,0.5206401915222055,36.95217340173066,4.888861808695145,262.0,16.242821406738656
4.0,570.566134610666,18.68955556266319,4.399500312823345,0.0,3.7506764560309014,45.15990635509952,0.0,0.4780520367964628,8.165742548673476,5.9891267168604605,232.0,18.230339637942965
6.0,574.8421081914852,21.11414655457625,2.4119576156720632,0.0,7.150510125528846,78.1644724969726,0.0,0.5536460114346562,15.343592813510496,5.84820608822845,369.0,13.569952061325967
4.0,573.2131658749827,17.98238319002188,2.6773532561486184,0.0,2.054936321121607,74.22002434830974,0.0,0.519575487654062,6.0273934279641885,6.463378832448958,178.0,25.97480722849768
25.0,70.46629931656072,20.40697418193494,1.7785572619161005,0.0,15.119653419634592,61.58169048422663,0.0,0.764457377327083,28.436291815748056,6.164374165287448,651.0,5.75694935935041
6.0,571.9187384984762,16.77008769406535,2.6786420657587025,0.0,3.383126870139231,55.30277302308979,0.0,0.5429989727532205,12.054786855928377,5.292653609967638,281.0,15.488935181109436
25.0,577.2564334105872,20.40697418193494,2.7108623060108057,0.0,15.119653419634592,66.81412170184065,0.0,0.7591338579863651,17.494446899837968,5.706382122233413,651.0,13.364346727063452
6.0,577.2564334105872,15.355742948782728,5.8992781421581695,0.0,6.5741255476532725,77.35948307887814,12.5,0.5579048269072305,23.947009158820375,5.575398204594684,296.0,18.573015195047155
4.0,566.3337934133247,18.08340781468492,5.671654537177157,0.0,5.772199178435084,32.19957672377863,0.0,0.47698733292831924,11.942242165364732,5.482354456203036,218.0,14.5294436212177
5.0,577.2564334105872,18.588530938000144,2.6175723180808697,0.0,8.269865682562566,42.503441275387786,0.0,0.5791989042701019,7.477969439673413,5.530231336443399,289.0,15.146259624005246
25.0,552.2405335500125,20.40697418193494,2.15181635283662,0.0,15.119653419634592,77.84247672973483,0.0,0.6537281750401518,22.546453009583885,5.587141590314019,651.0,10.00612626744238
3.0,520.650687912124,18.18443243934797,3.4651133455123495,0.0,2.414132507333921,46.52838836586012,0.0,0.4737932213238885,8.315802136091671,5.9846100300453315,261.0,19.46397164351805
8.0,577.2564334105872,18.588530938000144,3.072522110440568,0.0,1.8210411300996359,57.87873916099208,33.0,0.5025402257637649,8.090712754964377,6.702763233650772,207.0,22.890727214559963
5.0,574.551225634967,21.417220428565386,2.100263968433255,0.0,18.285591898110564,79.61345344954266,0.0,0.6643752137215875,15.756256678910534,5.833752690420038,422.0,13.158741392800936
8.0,541.7542173875274,19.295703310641457,7.886424282506349,0.0,4.895092212102691,61.58169048422663,22.0,0.4588873671698785,15.631207022728704,5.052365871402799,315.0,12.062179610067526
25.0,512.7968588861296,20.40697418193494,2.4088843004480163,0.0,15.119653419634592,76.79599048621203,0.0,0.6217870589958446,22.684007631383896,4.90241186914053,651.0,9.457845376075674
6.0,571.9187384984762,16.77008769406535,3.5242994483754435,0.0,3.383126870139231,37.995500534058785,,0.5429989727532205,12.642520239982975,5.438090925414777,281.0,15.900145849634464
6.0,537.1146406110604,14.850619825467508,2.028288908670095,0.0,16.355956572179295,77.4399820206876,0.0,0.6441458402268596,4.626837278727697,7.162561951430859,388.0,34.2675557104191
3.0,570.4206933324068,12.729102707543579,7.246084184696087,0.0,1.2697167512621312,30.831094713018032,80.0,0.43014036273000217,8.278287239237121,6.570875978649018,314.0,23.713148551610022
5.0,575.3075202819145,16.972136943391437,6.75603911526179,0.0,4.711317419156855,36.78801640691708,21.0,0.46740499811502706,16.819178756456086,5.386600695722311,228.0,13.501416949905128
4.0,565.2575279542068,18.790580187326235,4.390875202355859,0.0,5.8139661768318645,33.89005450177701,20.0,0.4940225948186163,16.256455303637853,5.28994359787856,208.0,14.460908509796864
3.0,572.7041214010756,14.850619825467508,6.216027888636538,0.0,1.6957401349092935,30.91159365482748,82.5,0.4418521052795814,9.291189454309942,5.566364830964428,333.0,16.51696185242201
5.0,574.013092905408,21.417220428565386,2.0925311107727502,0.0,18.285591898110564,79.04996085687652,0.0,0.6643752137215875,21.208421688438307,5.722642194767875,422.0,12.404855167171718
25.0,515.8802139852237,20.40697418193494,1.5993135869136306,0.0,15.119653419634592,70.75856985050353,0.0,0.764457377327083,8.90353552014627,3.2167843497345547,651.0,18.84715564073051
5.0,575.4093291766959,19.19467868597841,5.3542108162933575,0.0,4.059752244167078,56.671255033850386,25.0,0.45356384782916065,9.0285851763281,5.979190005867177,266.0,16.37989162958033
25.0,31.37168372049979,20.40697418193494,1.8038377581139047,0.0,15.119653419634592,73.09303916297748,0.0,0.7229339264694838,32.25030632929386,6.126433996040368,651.0,5.140133356562866
25.0,572.7768420402052,20.40697418193494,2.7774838489320777,0.0,15.119653419634592,72.36854868669246,0.0,0.7591338579863651,12.867609621110269,5.883436245386452,651.0,13.844092507009318
25.0,442.44691259217615,20.40697418193494,2.1661915369490967,0.0,15.119653419634592,79.13045979868598,0.0,0.7591338579863651,24.1470886087113,5.7967158585359835,651.0,8.909564484708968
25.0,260.86347668562087,20.40697418193494,1.4528849873679184,0.0,15.119653419634592,80.49894180944656,0.0,0.635628209281711,24.734821992765905,6.189667611452168,651.0,18.84715564073051
3.0,549.2880756013517,19.295703310641457,2.178484797845284,0.0,21.426470177548467,67.69961006174456,0.0,0.6185929473914139,17.844585937147087,5.423637527606365,173.0,13.912627618430157
5.0,577.2564334105872,19.3967279353045,5.072655486090363,0.0,4.134932841281283,22.45920476483559,80.0,0.4375932898070071,4.164153550854927,6.1977976477193994,230.0,19.53250675493889
3.0,576.0347266732102,17.98238319002188,3.3851080104863573,0.0,2.8485092906604397,50.79483228176078,0.0,0.5206401915222055,7.12783040236429,6.394725192859004,255.0,19.669576977780565
25.0,23.92509027363104,20.40697418193494,1.787083233182811,0.0,15.119653419634592,80.49894180944656,0.0,0.7229339264694838,25.78523910469327,5.381180671544157,651.0,6.031089805033763
5.0,577.2564334105872,19.093654061315366,6.44206526640514,0.0,5.070513605369169,26.564650797117366,12.5,0.43546388207071995,10.991864778382824,5.3161403814063055,330.0,14.323838286955185
6.0,570.8861054228362,15.355742948782728,6.292067655631503,0.0,6.5741255476532725,75.91050212630812,12.5,0.5579048269072305,25.57265468918416,5.760582364014955,296.0,10.280266713125732
2.0,547.8772952022379,15.759841447434907,6.166061731445585,0.0,2.4475461060513455,15.133801060175955,60.0,0.42694625112557144,5.477174940764138,5.965639945421792,250.0,19.94371742346392
25.0,11.169890170303123,20.40697418193494,1.8931621780128125,0.0,15.119653419634592,76.79599048621203,0.0,0.7229339264694838,30.49961114274825,5.326077092399589,651.0,5.688414247929572
25.0,577.2564334105872,20.40697418193494,3.0072885163301555,0.0,15.119653419634592,67.61911111993511,0.0,0.6175282435232704,20.370588992020046,5.570881517779556,651.0,13.638487172746803
4.0,577.2564334105872,18.08340781468492,5.056495796363923,0.0,5.772199178435084,26.806147622545705,0.0,0.47698733292831924,17.694526349728893,5.22670998246676,218.0,13.707022284167643
4.0,560.8797454786063,18.992629436652322,7.9446189933616855,0.0,3.6671424592373394,39.041986777581585,0.0,0.4705991097194578,13.16772879594666,5.432670901236623,337.0,11.993644498646688
25.0,575.4965939436514,20.40697418193494,1.987542697151281,0.0,15.119653419634592,80.49894180944656,0.0,0.7878808624262416,20.74573796056554,5.617855060656893,651.0,12.61046050143423
6.0,499.2708200080281,14.850619825467508,1.5963394108903597,1.0,16.355956572179295,70.83906879231299,0.0,0.9273570691530492,15.156018329237751,4.52752686348486,388.0,10.485872047388247
5.0,521.7996740103713,21.2151711792393,3.7545998117774,0.0,6.799667338995888,76.47399471897424,0.0,0.5728106810612406,22.94661190936574,5.149926306609575,292.0,8.978099596129805
25.0,564.6321304576926,20.40697418193494,3.125165026052466,0.0,15.119653419634592,42.82543704262557,0.0,0.620722355127701,14.318185632819493,5.3342071286668205,651.0,14.118232952692672
2.0,577.2564334105872,19.90185105861972,8.716417671400528,0.0,1.0441749599195158,35.74153016339427,40.0,0.4567579594335914,7.477969439673413,5.862659486036861,320.0,15.69454051537195
5.0,570.1879872871923,21.417220428565386,1.6542367041433699,0.0,18.285591898110564,79.04996085687652,0.0,0.6643752137215875,26.660586697966078,5.290846935241587,422.0,9.115169818971482
6.0,514.7021396313245,14.850619825467508,1.742173175231418,0.0,16.355956572179295,80.49894180944656,0.0,0.6441458402268596,8.040692892491645,5.479644444113959,388.0,16.654032075263686
25.0,516.7383175269528,20.40697418193494,2.334926456669342,0.0,15.119653419634592,79.04996085687652,0.0,0.7591338579863651,22.171304041038397,6.0117101509361035,651.0,10.417336935967407
6.0,559.2798914177556,13.133201206195755,2.400754885984409,0.0,3.3162996727043828,53.9342910123292,20.0,0.6122047241825525,9.303694419928126,7.49499010102432,249.0,34.2675557104191
25.0,121.37074670726506,20.40697418193494,2.035030374322843,0.0,15.119653419634592,69.3095888979335,0.0,0.6217870589958446,22.058759350474748,5.73438558048721,651.0,9.93759115602154
25.0,538.4527003710446,20.40697418193494,1.1679589243385495,0.0,15.119653419634592,80.49894180944656,0.0,0.7016398491066125,29.186589752839037,3.7380100082003898,651.0,8.155678259079748
25.0,577.2564334105872,20.40697418193494,1.1640924955082972,0.0,15.119653419634592,80.49894180944656,0.0,0.7112221839199045,43.47976545442217,4.431773103004135,651.0,9.457845376075674
6.0,571.2642527463099,16.56803844473926,3.391651197737554,0.0,11.602872154625661,68.50459947983903,0.0,0.5855871274789634,12.117311684019292,5.999966765216769,261.0,19.669576977780565
6.0,575.4675056879996,21.11414655457625,2.1919677291507793,0.0,7.150510125528846,73.9785275228814,0.0,0.5536460114346562,23.334265843529412,5.271876850618046,369.0,13.364346727063452
5.0,570.2897961819737,21.417220428565386,1.7729063274718855,0.0,18.285591898110564,77.2789841370687,0.0,0.6643752137215875,21.496035897656515,5.142699607705369,422.0,11.10268805017579
6.0,571.2933410019618,13.133201206195755,2.0939190595836097,0.0,3.3162996727043828,65.8481344001273,20.0,0.6888634026888896,11.992262027837462,6.506739025874192,249.0,23.164867660243313
2.0,574.7548434245297,16.56803844473926,9.140931729122086,0.0,3.0406374832856304,15.375297885604295,80.0,0.4173639163122793,11.567093196819242,5.308010345139075,300.0,14.323838286955185
5.0,572.995003957594,16.972136943391437,6.75603911526179,0.0,4.711317419156855,50.71433333995134,21.0,0.46740499811502706,11.792182577946534,5.52390797490222,228.0,14.049697841271833
6.0,577.2564334105872,17.780333940695794,5.6827581276640355,0.0,3.157585078796616,45.401403180527865,55.0,0.5153166721814877,8.978565313855368,6.048746982820157,355.0,16.37989162958033
6.0,556.8073896873499,15.355742948782728,4.527389881824,0.0,2.873569489698508,23.425192066548952,45.0,0.46527559037873994,5.702264321891431,5.922279751996558,383.0,20.42346320340979
25.0,577.2564334105872,20.40697418193494,3.394724512961601,0.0,15.119653419634592,52.08281535071193,0.0,0.5664224578523791,13.430333073928503,5.638631820006484,651.0,15.763075626792789
5.0,568.5445008428638,19.3967279353045,5.241786962613712,0.0,9.030025053383973,6.278917461136832,0.0,0.43972269754329424,6.902741021236995,5.478741106750934,290.0,15.626005403951114
6.0,570.0280018811072,13.133201206195755,1.9933919099970476,0.0,3.3162996727043828,80.49894180944656,20.0,0.6888634026888896,8.628426276546245,6.18063423782191,249.0,20.629068537672303
25.0,32.01162534484007,20.40697418193494,2.846782150274294,0.0,15.119653419634592,68.18260371260125,0.0,0.6973810336340381,21.44601603518378,5.376663984729029,651.0,13.02167116995926
5.0,577.2564334105872,18.386481688674056,3.583882108041641,0.0,12.563513117751615,62.225682018702194,28.0,0.4940225948186163,13.24275858965576,5.644955181547664,255.0,14.118232952692672
25.0,0.4654120904292968,20.40697418193494,2.3035984692242204,0.0,15.119653419634592,74.54202011554752,0.0,0.7591338579863651,21.80866003811109,6.096623863060519,651.0,9.18370493039232
9.0,547.9500158413674,17.578284691369703,3.620464473127875,0.0,5.179107801200799,49.50684921280964,0.0,0.5398048611487898,13.605402592583065,5.497711191374474,292.0,16.44842674100117
9.0,575.3366085375663,19.90185105861972,7.912200474708031,0.0,4.285294035509693,34.93654074529981,25.0,0.4823108522690371,11.879717337273815,6.108367248779854,269.0,17.13377785520955
2.0,574.0858135445376,15.456767573445774,7.2443988182828996,0.0,1.8795149278551286,25.679162437213453,55.0,0.4141698047078486,10.29158670376458,5.82923600360491,285.0,15.077724512584407
6.0,506.3247220035972,14.850619825467508,2.3681380889292027,0.0,16.355956572179295,78.32547038059151,0.0,0.6441458402268596,15.043473638674104,5.3116236945911774,388.0,13.0902062813801
7.0,577.2564334105872,17.98238319002188,2.5260668357648965,0.0,8.361753079035482,76.79599048621203,0.0,0.5823930158745326,21.370986241474686,5.503131215552628,417.0,12.816065835696746
6.0,540.430701755369,14.951644450130553,7.760418358320431,0.0,1.8711615281757727,8.049894180944657,70.0,0.4258815472574279,5.927353703018725,6.360398373064028,343.0,19.87518231204308
25.0,513.4658887661217,20.40697418193494,1.8883043571748033,1.0,15.119653419634592,71.64405821040745,0.0,0.8198219784705486,18.30726966501986,5.242066717638197,651.0,11.51389871870082
6.0,577.2564334105872,19.80082643395668,4.501316272019991,0.0,6.1648089633648215,43.71092540252948,0.0,0.5248990069947799,8.590911379691697,5.75967902665193,272.0,15.831610738213628
25.0,440.33801405741843,20.40697418193494,2.1870107691119944,0.0,15.119653419634592,78.40596932240096,0.0,0.6217870589958446,30.136967139820946,5.566364830964428,651.0,9.115169818971482
6.0,480.01439476651603,14.850619825467508,2.2430244175502665,0.0,16.355956572179295,76.63499260259313,0.0,0.6441458402268596,14.155621079783115,5.783165798090598,388.0,15.283329846846922
25.0,371.20977450084195,20.40697418193494,2.5751407401488695,0.0,15.119653419634592,72.44904762850192,0.0,0.7591338579863651,20.53315354505643,6.053263669635285,651.0,11.239758273017467
25.0,118.28739160817096,20.40697418193494,2.070224790598217,0.0,15.119653419634592,75.91050212630812,0.0,0.6217870589958446,24.622277302202257,6.17250420155468,651.0,9.663450710338187
5.0,556.2256245743133,17.07316156805448,5.169712763649776,0.0,2.7065014961113856,20.768726986837216,0.0,0.48976377934604204,12.467450721328415,5.300783646234869,415.0,13.227276504221775
25.0,50.97716802983391,20.40697418193494,1.5143512918488538,0.0,15.119653419634592,80.49894180944656,0.0,0.635628209281711,26.53553704178425,6.013516825662155,651.0,11.788039164384172
5.0,523.8358519059994,21.2151711792393,4.196562368835481,0.0,6.799667338995888,75.74950424268921,0.0,0.5728106810612406,28.2612222970935,5.160766354965884,292.0,8.703959150446453
5.0,575.39478504887,21.2151711792393,4.459876086095747,0.0,6.799667338995888,45.48190212233731,0.0,0.5728106810612406,10.59170587860097,5.270070175891995,292.0,13.638487172746803
25.0,570.1007225202368,20.40697418193494,1.7108451877862958,0.0,15.119653419634592,79.53295450773321,0.0,0.7378397806234938,21.408501138329235,5.845496076139372,651.0,8.978099596129805
25.0,559.90528891427,20.40697418193494,1.4131301678568617,0.0,15.119653419634592,80.49894180944656,0.0,0.7378397806234938,28.736410990584453,5.133666234075112,651.0,3.4267555710419106
9.0,541.1579081466648,17.578284691369703,3.188019279344261,0.0,5.179107801200799,64.31865450574782,0.0,0.5366107495443591,7.953158133164365,6.470605531353164,292.0,21.657095208984877
25.0,569.1698983393782,20.40697418193494,2.483635257832896,1.0,15.119653419634592,73.25403704659638,0.0,0.8198219784705486,16.594089375328792,5.776842436549418,651.0,14.872119178321892
25.0,542.3796148840418,20.40697418193494,1.5758175963297891,0.0,15.119653419634592,80.49894180944656,0.0,0.7452927077004987,38.29020472287624,4.408286331565467,651.0,6.9905813649254975
25.0,546.6701325926869,20.40697418193494,2.4315871774256523,0.0,15.119653419634592,79.93544921678044,0.0,0.7591338579863651,20.93331244483828,6.678373124849077,651.0,12.199249832909203
6.0,529.8571208259285,14.850619825467508,1.7506991464981283,0.0,16.355956572179295,80.49894180944656,0.0,0.9273570691530492,9.24116959183721,5.880726233297374,388.0,15.968680961055304
5.0,574.5075932514891,18.386481688674056,3.6343439612364734,0.0,12.563513117751615,43.14743280986336,28.0,0.4940225948186163,10.204051944437298,5.8192992926116265,255.0,15.69454051537195
6.0,544.575778185755,14.850619825467508,1.9539345080883181,0.0,16.355956572179295,73.09303916297748,0.0,0.6441458402268596,2.163359051945653,6.765093511699545,388.0,34.2675557104191
3.0,577.2564334105872,17.98238319002188,3.392246032942208,0.0,2.8485092906604397,69.47058678155238,0.0,0.5206401915222055,6.87773109000063,6.329684902721152,255.0,16.17428629531782
25.0,3.6651202121307125,20.40697418193494,2.0043963612831504,0.0,15.119653419634592,68.50459947983903,0.0,0.6537281750401518,29.124064924748122,5.513067926545911,651.0,9.18370493039232
25.0,159.76724416768204,20.40697418193494,2.106410598881348,0.0,15.119653419634592,76.15199895173645,0.0,0.7878808624262416,29.099054993511757,5.988223379497434,651.0,9.18370493039232
6.0,568.8644716550339,19.80082643395668,4.680460807821684,0.0,6.1648089633648215,59.8107137644188,0.0,0.5248990069947799,14.6808296357468,5.156249668150755,272.0,12.678995612855068
5.0,361.1452380453084,21.2151711792393,3.7274356707648577,0.0,6.799667338995888,78.00347461335373,0.0,0.5728106810612406,25.43510006738415,5.506744565004731,292.0,9.25224004181316
25.0,544.9393813814029,20.40697418193494,2.5110968164477656,0.0,15.119653419634592,54.417284663185875,0.0,0.6537281750401518,14.580789910801336,6.305294793919459,651.0,20.42346320340979
25.0,100.28176135968755,20.40697418193494,1.8049282893224374,0.0,15.119653419634592,70.75856985050353,0.0,0.7878808624262416,42.54189303305845,5.3613072495575915,651.0,5.75694935935041
25.0,546.1610881187797,20.40697418193494,1.321029850336234,0.0,15.119653419634592,80.49894180944656,0.0,0.6718281407985924,4.076618791527646,4.48958669423778,651.0,34.2675557104191
25.0,577.2564334105872,20.40697418193494,1.3463103465340382,0.0,15.119653419634592,79.53295450773321,0.0,0.7144162955243353,26.560546973020614,6.137274044396676,651.0,9.115169818971482
6.0,575.3366085375663,21.11414655457625,2.8315147133548355,0.0,7.150510125528846,57.3957455101354,0.0,0.5536460114346562,9.591308629146333,6.125530658677342,369.0,18.161804526522126
5.0,576.5583152749433,18.588530938000144,3.9110414706014587,0.0,8.269865682562566,62.54767778593998,0.0,0.5791989042701019,14.380710460910409,5.153539656061678,289.0,11.10268805017579
3.0,572.3841505889055,17.98238319002188,3.065483227185493,0.0,2.8485092906604397,59.48871799718102,0.0,0.5206401915222055,10.25407180691003,5.785875810179675,255.0,15.077724512584407
25.0,306.8374647433398,20.40697418193494,1.5757184571290135,0.0,15.119653419634592,80.49894180944656,0.0,0.635628209281711,25.10997096131139,4.656704106397537,651.0,11.171223161596629
9.0,567.7882061959161,17.578284691369703,3.2439337885817574,1.0,5.179107801200799,62.54767778593998,0.0,0.5398048611487898,12.417430858855683,6.214057720253861,292.0,18.84715564073051
6.0,575.3656967932181,16.77008769406535,3.288942985733926,0.0,3.383126870139231,59.08622328813379,0.0,0.5429989727532205,7.865623373837084,5.704575447507362,281.0,16.8596374095262
8.0,576.3546974853804,19.295703310641457,7.333029263776377,0.0,4.895092212102691,10.464862435228053,22.0,0.4588873671698785,7.377929714727949,5.8599494739477835,315.0,16.722567186684522
25.0,577.2564334105872,20.40697418193494,1.127212712819736,0.0,15.119653419634592,80.49894180944656,0.0,0.7112221839199045,47.481354452240716,3.7380100082003898,651.0,9.457845376075674
9.0,567.3227941054869,17.578284691369703,4.1122940481761345,0.0,5.179107801200799,57.63724233556374,0.0,0.5398048611487898,5.9148487374005425,6.646756317143177,292.0,21.588560097564038
6.0,577.2564334105872,19.80082643395668,4.501316272019991,0.0,6.1648089633648215,42.10094656634055,0.0,0.5248990069947799,9.003575245091735,5.804845894803216,272.0,16.311356518159496
2.0,575.2493437706108,13.739348954174021,5.834341965650085,1.0,1.0107613612020914,19.96373756874275,90.0,0.42694625112557144,3.951569135345817,7.157141927252704,183.0,34.2675557104191
5.0,577.2564334105872,17.780333940695794,4.230567114701547,0.0,5.354529194467277,34.45354709444313,40.0,0.47592262906017563,3.726479754218523,6.191474286178219,239.0,21.931235654668228
6.0,572.5732242506424,19.80082643395668,5.369279974811264,0.0,6.1648089633648215,11.833344445988645,0.0,0.5248990069947799,6.352522534036946,5.809362581618344,272.0,16.8596374095262
4.0,575.39478504887,18.487506313337104,5.35460737309646,0.0,2.4642529054100577,12.718832805892559,75.0,0.4556932555654478,2.4759831924002267,6.3450416378925905,237.0,23.918753885872537
25.0,577.2564334105872,20.40697418193494,1.6623661186069776,0.0,15.119653419634592,77.2789841370687,0.0,0.7378397806234938,24.222118402420403,5.785875810179675,651.0,8.566888927604776
6.0,349.29177386718726,14.850619825467508,2.263744510512388,0.0,16.355956572179295,74.86401588278531,0.0,0.6441458402268596,12.267371271437488,5.511261251819859,388.0,17.13377785520955
6.0,102.97242500748192,21.11414655457625,2.6913318834579925,0.0,7.150510125528846,68.74609630526737,0.0,0.5536460114346562,13.292778452128491,5.785875810179675,369.0,12.747530724275908
25.0,577.2564334105872,20.40697418193494,1.519903087092293,0.0,15.119653419634592,80.49894180944656,0.0,0.7452927077004987,30.712195558257356,4.986422243901921,651.0,8.4298187047631
4.0,561.8978344264203,16.06291532142404,6.281558900349278,0.0,3.132524879758548,27.530638098830728,90.0,0.4194933240485665,3.8890443072549017,6.733476703993645,229.0,30.155449025168814
7.0,577.2564334105872,19.3967279353045,2.3883624858874457,0.0,8.094444289296087,52.5658090015686,0.0,0.6228517628639882,16.15641557869239,5.437187588051751,376.0,14.5294436212177
7.0,540.6343195449319,16.77008769406535,7.254213599159693,0.0,4.44400862941746,18.434257674363263,52.5,0.4312050665981457,11.892222302891998,5.930409788263789,278.0,16.996707632367876
5.0,572.1514445436908,18.588530938000144,3.234713842909617,0.0,8.269865682562566,66.65312381822176,0.0,0.5791989042701019,9.878922838364542,5.660311916719102,289.0,14.803584066901054
25.0,128.38101631935632,20.40697418193494,1.6439262272626967,0.0,15.119653419634592,80.49894180944656,0.0,0.7378397806234938,46.2433628560406,4.082181543513186,651.0,4.797457799458675
8.0,547.0628240439866,19.295703310641457,7.986158318486705,0.0,4.895092212102691,63.755161913081686,22.0,0.4588873671698785,12.692540102455709,5.6241784221980735,315.0,14.049697841271833
25.0,557.5055078229939,20.40697418193494,1.9344040855355047,0.0,15.119653419634592,70.83906879231299,0.0,0.6537281750401518,16.394009925437864,5.62688843428715,651.0,14.666513844059377
6.0,575.220255514959,16.77008769406535,2.623520670127412,0.0,3.383126870139231,67.69961006174456,0.0,0.5429989727532205,11.304488918837398,5.795812521172959,281.0,16.17428629531782
5.0,577.2564334105872,16.163939946087083,5.455332801084574,0.0,11.627932353663729,34.0510523853959,0.0,0.46527559037873994,13.005164242910283,5.428154214421494,274.0,14.872119178321892
5.0,577.2564334105872,17.780333940695794,4.04250005083004,1.0,5.354529194467277,26.48415185530792,40.0,0.47592262906017563,4.414252863218586,6.1047538993277515,239.0,22.20537610035158
6.0,,14.850619825467508,1.8611402161622606,0.0,16.355956572179295,78.40596932240096,0.0,0.6441458402268596,5.73977921874598,6.271871311487507,388.0,28.30500101680618
5.0,568.0209122411309,14.850619825467508,5.073944295700448,0.0,2.238711114067442,25.679162437213453,95.0,0.44302327953453935,3.6014300980366936,7.257412374548558,209.0,34.2675557104191
5.0,565.3157044655105,21.417220428565386,2.448639119959073,0.0,18.285591898110564,76.79599048621203,0.0,0.6643752137215875,18.794963324128993,5.2592301275356865,422.0,12.61046050143423
25.0,545.8847496900873,20.40697418193494,1.3450215369239542,1.0,15.119653419634592,77.92297567154428,0.0,0.6718281407985924,4.664352175582246,6.0370035971008225,651.0,34.2675557104191
6.0,569.708031068937,14.850619825467508,1.4482254449314604,0.0,16.355956572179295,77.03748731164036,0.0,0.9273570691530492,36.92716347049429,4.44983985026465,388.0,10.00612626744238
6.0,557.3746106725607,18.89160481198928,4.463841654126775,0.0,10.71741178861391,36.22452381425096,0.0,0.46527559037873994,11.179439262655569,5.678378663979616,383.0,14.666513844059377
5.0,566.3919699246283,18.790580187326235,4.3174130545810625,0.0,8.846250260438138,58.52273069546766,0.0,0.5206401915222055,22.58396790643843,5.223999970377684,262.0,15.420400069688597
5.0,545.7102201561764,17.07316156805448,5.169712763649776,0.0,2.7065014961113856,13.84581799122481,0.0,0.48976377934604204,9.178644763746295,5.720835520041824,415.0,15.488935181109436
6.0,543.4558803431595,18.89160481198928,4.017318693833012,0.0,10.71741178861391,59.97171164803769,0.0,0.46527559037873994,14.968443844965009,5.6720553024384355,383.0,13.707022284167643
6.0,568.6172214819933,16.77008769406535,3.1053371858973255,0.0,3.383126870139231,26.645149738926815,0.0,0.5429989727532205,6.6651466744915195,5.913246378366301,281.0,20.149322757726434
4.0,577.2564334105872,18.08340781468492,5.8194710855337295,0.0,5.772199178435084,76.71549154440258,0.0,0.47698733292831924,38.52779906962171,4.877118422975811,218.0,9.869056044600702
25.0,577.2564334105872,20.40697418193494,2.694107781079712,0.0,15.119653419634592,67.94110688717291,0.0,0.7591338579863651,18.382299458728955,5.493194504559345,651.0,13.707022284167643
25.0,577.2564334105872,20.40697418193494,1.5667959290592004,0.0,15.119653419634592,80.49894180944656,0.0,0.7452927077004987,29.511718858911795,5.000875641710333,651.0,7.744467590554718
6.0,577.2564334105872,19.80082643395668,5.369279974811264,0.0,6.1648089633648215,35.17803757072815,0.0,0.5248990069947799,15.99385102565601,5.4950011792853966,272.0,15.214794735426082
6.0,542.2050853501307,14.850619825467508,1.6040722685508646,0.0,16.355956572179295,78.32547038059151,0.0,0.9273570691530492,17.632001521637978,5.530231336443399,388.0,14.735048955480217
25.0,509.98984221572783,20.40697418193494,2.275740353806248,0.0,15.119653419634592,73.33453598840582,0.0,0.8198219784705486,17.744546212201627,5.6467618562737165,651.0,13.638487172746803
5.0,577.2564334105872,18.588530938000144,3.288942985733926,0.0,8.269865682562566,66.41162699279342,0.0,0.5791989042701019,5.677254390655065,5.993643403675589,289.0,15.626005403951114
4.0,575.4093291766959,18.487506313337104,5.35460737309646,0.0,2.4642529054100577,17.548769314459353,75.0,0.4556932555654478,5.402145147055041,5.9575099091545605,237.0,21.10881431761817
5.0,568.6026773541674,21.2151711792393,3.7638197574495407,0.0,6.799667338995888,55.946764557565366,0.0,0.5728106810612406,14.105601217310383,5.173413078048244,292.0,12.473390278592554
5.0,564.4285126681297,21.417220428565386,1.5980247773035468,0.0,18.285591898110564,75.34700953364198,0.0,0.6643752137215875,30.211996933530042,5.577204879320736,422.0,9.59491559891735
5.0,463.1286623606281,20.3059495572719,1.8069110733379514,0.0,23.172330710533895,78.88896297325763,0.0,0.648404655699434,37.11473795476704,4.600697189889943,696.0,5.551344025087895
3.0,515.312993000013,12.729102707543579,7.246084184696087,0.0,1.2697167512621312,29.462612702257445,80.0,0.43014036273000217,10.76677539725553,6.420018639023724,314.0,20.76613876051398
6.0,570.4643257158847,15.052669074793597,5.199553663083262,0.0,2.7816820932255903,29.945606353114126,20.0,0.471557343200787,5.73977921874598,6.29445474556315,201.0,24.261429442976727
4.0,577.2564334105872,18.68955556266319,4.738258961873919,0.0,3.7506764560309014,38.63949206853435,0.0,0.4780520367964628,12.02977692469201,5.7714224123712645,232.0,16.37989162958033
4.0,560.5452305386103,18.08340781468492,5.671654537177157,0.0,5.772199178435084,2.33446931247395,0.0,0.47698733292831924,6.052403359200555,6.115593947684059,218.0,18.230339637942965
4.0,577.2564334105872,17.98238319002188,2.822493046084247,0.0,2.054936321121607,76.95698836983091,0.0,0.519575487654062,7.102820471127923,5.928603113537737,178.0,22.27391121177242
3.0,575.045725981048,14.850619825467508,6.216027888636538,0.0,1.6957401349092935,12.63833386408311,82.5,0.4418521052795814,3.8890443072549017,6.874397332625657,333.0,28.99035213101456
6.0,571.2933410019618,16.56803844473926,3.0853110673406334,1.0,11.602872154625661,45.07940741329008,0.0,0.5855871274789634,16.894208550165185,5.318850393495383,261.0,15.968680961055304
6.0,577.2564334105872,19.3967279353045,3.900334436917683,0.0,4.978626208896252,33.407060850920324,0.0,0.5312872302036412,10.96685484714646,5.2845235737004055,264.0,14.392373398376025
6.0,128.9046049210893,14.850619825467508,1.721453082269296,0.0,16.355956572179295,75.66900530087977,0.0,0.9273570691530492,20.183014507747306,4.762394577871546,388.0,8.978099596129805
5.0,572.5005036115128,18.790580187326235,3.9114380274045613,0.0,8.846250260438138,34.131551327205344,0.0,0.5206401915222055,11.842202440419268,5.584431578224942,262.0,17.13377785520955
6.0,567.657309045483,13.133201206195755,2.847277846278172,0.0,3.3162996727043828,42.342443391768896,20.0,0.6122047241825525,3.951569135345817,6.747930101802057,249.0,29.812773468064623
25.0,553.8258434830373,20.40697418193494,2.0854922275176753,0.0,15.119653419634592,77.4399820206876,0.0,0.8198219784705486,12.74255996492844,4.84369494054386,651.0,14.25530317553435
8.0,577.2564334105872,18.588530938000144,3.1553033430882795,0.0,1.8210411300996359,56.590756092040934,33.0,0.5025402257637649,9.416239110491771,6.186957599363091,207.0,19.326901420676375
25.0,532.533240345897,20.40697418193494,1.1590363962687364,0.0,15.119653419634592,80.49894180944656,0.0,0.6718281407985924,11.917232234128363,5.6151450485678165,651.0,34.2675557104191
6.0,562.654129073368,13.133201206195755,2.2688006097519486,0.0,3.3162996727043828,73.65653175564361,20.0,0.6888634026888896,7.390434680346131,7.586227174689916,249.0,33.445134373369044
25.0,508.2881792600958,20.40697418193494,2.0826171906951796,0.0,15.119653419634592,78.32547038059151,0.0,0.6537281750401518,31.149869354893763,4.791301373488368,651.0,8.224213370500586
8.0,567.482779511572,19.295703310641457,7.986158318486705,0.0,4.895092212102691,28.09413069149685,22.0,0.4588873671698785,11.454548506255595,5.517584613361039,315.0,16.654032075263686
5.0,546.9173827657274,22.22541742586974,10.494578376513525,0.0,1.5954993387570202,15.697293652842081,80.0,0.43972269754329424,6.965265849327912,5.362210586920617,319.0,14.118232952692672
2.0,567.0028232933167,19.90185105861972,8.716417671400528,0.0,1.0441749599195158,27.772134924259067,40.0,0.4567579594335914,7.365424749109765,6.268257962035404,320.0,-18.230339637942965
25.0,465.38300217364497,20.40697418193494,1.8584634577413168,0.0,15.119653419634592,76.71549154440258,0.0,0.764457377327083,19.632796020547254,5.425444202332417,651.0,9.731985821759025
4.0,577.2564334105872,18.790580187326235,4.390875202355859,0.0,5.8139661768318645,13.121327514939791,20.0,0.4940225948186163,8.240772342382574,5.636825145280433,208.0,17.27084807805123
3.0,571.3369733854396,17.98238319002188,4.924343241729913,0.0,5.905853573304782,49.184853445571854,0.0,0.49934611415933416,5.039501144127735,6.490478953339729,227.0,23.78168366303086
4.0,568.3408830533009,18.790580187326235,4.328913201871044,1.0,5.8139661768318645,41.69845185729332,20.0,0.4940225948186163,8.228267376764391,6.947567659030739,208.0,24.12435922013505
5.0,561.0542750125172,21.417220428565386,2.307365758853697,0.0,18.285591898110564,78.8084640314482,0.0,0.6643752137215875,13.905521767419454,5.756065677199826,422.0,15.763075626792789
9.0,551.1497239630688,17.578284691369703,3.620464473127875,0.0,5.179107801200799,56.671255033850386,0.0,0.5398048611487898,4.939461419182271,7.449823232873034,292.0,33.10245881626486
3.0,538.5835975214778,19.295703310641457,1.927662619882757,0.0,21.426470177548467,78.08397355516317,0.0,0.6185929473914139,31.77511763580291,5.28994359787856,173.0,11.856574275805011
6.0,572.2096210549945,19.3967279353045,3.8141824714435977,0.0,4.978626208896252,24.310680426452862,0.0,0.5312872302036412,12.667530171219344,5.389310707811388,264.0,16.928172520947037
25.0,482.99594097082866,20.40697418193494,1.2741370083693269,0.0,15.119653419634592,80.49894180944656,0.0,0.7016398491066125,15.168523294855936,5.065915931848184,651.0,19.12129608641386
25.0,13.55512713375327,20.40697418193494,1.8977225812484948,0.0,15.119653419634592,80.49894180944656,0.0,0.7878808624262416,33.07563406009394,5.557331457334171,651.0,5.962554693612924
25.0,577.2564334105872,20.40697418193494,1.4138241422622915,0.0,15.119653419634592,78.96946191506707,0.0,0.7452927077004987,38.52779906962171,4.766911264686674,651.0,4.934528022300351
6.0,548.4154279317967,15.052669074793597,5.167036005228832,1.0,2.7816820932255903,40.00797407929495,20.0,0.471557343200787,3.7639946510730717,6.906014140331556,201.0,31.526151253585578
2.0,572.122356288039,15.759841447434907,6.166061731445585,0.0,2.4475461060513455,7.969395239135211,60.0,0.42694625112557144,6.289997705946031,6.142694068574831,250.0,21.314419651880684
7.0,565.3884251046401,17.98238319002188,2.237076065503724,0.0,8.361753079035482,67.78010900355402,0.0,0.5823930158745326,13.067689071001196,5.6494718683627925,417.0,-12.678995612855068
25.0,576.252888590599,20.40697418193494,2.2854559954822666,0.0,15.119653419634592,75.34700953364198,0.0,0.6537281750401518,23.359275774765777,5.857239461858707,651.0,11.445363607279981
25.0,571.6860324532615,20.40697418193494,3.303020752244076,0.0,15.119653419634592,60.293707415275485,0.0,0.5664224578523791,9.678843388473615,6.097527200423546,651.0,16.242821406738656
5.0,577.2564334105872,21.417220428565386,1.6543358433441455,0.0,18.285591898110564,78.8084640314482,0.0,0.6643752137215875,23.084166531165753,5.5564281199711445,422.0,12.199249832909203
25.0,9.71547738771157,20.40697418193494,2.4746135905623072,0.0,15.119653419634592,75.74950424268921,0.0,0.7591338579863651,23.396790671620327,6.0776537784369795,651.0,10.211731601704894
6.0,496.82740653327437,14.850619825467508,1.577899519546079,0.0,16.355956572179295,80.49894180944656,0.0,0.9273570691530492,16.606594340946977,4.881635109790939,388.0,13.43288183848429
6.0,577.2564334105872,20.40697418193494,5.186070731777766,0.0,4.3354144335858305,37.27101005777376,0.0,0.5483224920939384,12.254866305819306,5.301686983597894,209.0,13.364346727063452
5.0,573.3731512810677,14.547545951478375,5.599778616614772,0.0,0.38425638525038186,25.7596613790229,80.0,0.44930503235658636,3.7139747886003405,7.113781733827469,240.0,34.2675557104191
5.0,552.7059456404418,21.2151711792393,4.423491999411064,0.0,6.799667338995888,68.02160582898235,0.0,0.5728106810612406,12.830094724255721,5.506744565004731,292.0,12.473390278592554
5.0,571.3660616410914,16.163939946087083,5.909092923034964,0.0,11.627932353663729,41.05446032281775,0.0,0.46527559037873994,9.24116959183721,5.915956390455378,274.0,18.573015195047155
3.0,570.391605076755,17.98238319002188,3.0656815055870443,0.0,2.8485092906604397,53.20980053604418,0.0,0.5206401915222055,11.016874709619191,5.7967158585359835,255.0,15.488935181109436
6.0,577.2564334105872,15.355742948782728,4.527389881824,0.0,2.873569489698508,31.314088363874713,45.0,0.46527559037873994,6.740176468200617,6.490478953339729,383.0,23.918753885872537
9.0,574.6530345297483,19.90185105861972,7.163203812847599,0.0,4.285294035509693,53.29029947785363,25.0,0.4823108522690371,16.444029787910598,5.186059801130603,269.0,12.816065835696746
4.0,530.293444660706,18.992629436652322,7.9446189933616855,0.0,3.6671424592373394,42.10094656634055,0.0,0.4705991097194578,15.843791438237815,5.32788376712564,337.0,11.788039164384172
8.0,567.8463827072198,16.26496457075013,5.4444274889992474,0.0,5.087220404727882,14.248312700272042,34.0,0.46101677490616566,6.077413290436921,6.30710146864551,314.0,22.685121880297448
9.0,564.9666453976886,17.578284691369703,4.1122940481761345,1.0,5.179107801200799,61.58169048422663,0.0,0.5398048611487898,11.929737199746546,5.990030054223486,292.0,17.20231296663039
25.0,142.45973205484256,20.40697418193494,2.1814589738685553,0.0,15.119653419634592,60.21320847346603,0.0,0.6217870589958446,15.043473638674104,5.803942557440189,651.0,11.034152938754954
4.0,557.5782284621234,18.08340781468492,5.671654537177157,0.0,5.772199178435084,5.312930159423473,0.0,0.47698733292831924,7.265385024164302,5.572688192505607,218.0,17.33938318947207
6.0,425.1103122236849,14.850619825467508,2.4050178716177637,0.0,16.355956572179295,76.15199895173645,0.0,0.6441458402268596,18.044665387038016,5.3071070077760485,388.0,11.925109387225849
6.0,566.3483375411505,20.40697418193494,6.402806142897962,0.0,4.3354144335858305,30.99209259663693,0.0,0.5483224920939384,8.4408517922735,5.700058760692232,209.0,14.18676806411351
5.0,577.2564334105872,18.790580187326235,3.9114380274045613,0.0,8.846250260438138,17.951264023506585,0.0,0.5206401915222055,13.59289762696488,5.32156040558446,262.0,15.488935181109436
5.0,550.1316350152547,21.417220428565386,1.9499689400572902,0.0,18.285591898110564,75.26651059183254,0.0,0.6643752137215875,21.133391894729208,5.367630611098772,422.0,11.925109387225849
7.0,551.818753843061,16.77008769406535,6.136617388815201,0.0,4.11822604192257,14.892304234747614,30.0,0.4556932555654478,7.953158133164365,5.854529449769629,285.0,-16.242821406738656
2.0,526.8610304937899,17.07316156805448,6.583536905912068,0.0,5.062160205689812,18.75625344160105,35.0,0.4662338238600692,9.791388079037262,5.448027636408059,289.0,13.295811615642613
8.0,544.9830137648806,19.295703310641457,7.759129548710346,0.0,4.895092212102691,39.52498042843826,22.0,0.4588873671698785,11.90472726851018,5.811169256344395,315.0,16.79110229810536
4.0,558.9308323499337,17.174186192717528,7.587519592167606,0.0,1.2279497528653507,11.189352911513073,95.0,0.4290756588618586,5.564709700091419,6.445312085188443,387.0,22.548051657455773
3.0,559.9780095533995,19.295703310641457,1.9757451322589725,0.0,21.426470177548467,71.16106455955077,0.0,0.6185929473914139,18.51985408052897,5.407377455071902,173.0,14.666513844059377
25.0,550.3207086769917,20.40697418193494,2.149139594415676,0.0,15.119653419634592,66.41162699279342,0.0,0.7452927077004987,23.45931549971124,5.466094383668574,651.0,15.900145849634464
25.0,62.62701441839226,20.40697418193494,1.9707881722201874,0.0,15.119653419634592,76.31299683535535,0.0,0.7878808624262416,29.986907552402748,5.834656027783064,651.0,8.08714314765891
5.0,568.151809391564,19.19467868597841,5.3542108162933575,0.0,4.059752244167078,37.59300582501155,25.0,0.45356384782916065,9.391229179255406,5.570881517779556,266.0,15.69454051537195
9.0,523.8794842894772,17.578284691369703,3.620464473127875,1.0,5.179107801200799,53.531796303281965,0.0,0.5398048611487898,10.066497322637288,6.075847103710928,292.0,19.87518231204308
25.0,145.71761668784765,20.40697418193494,2.2958656115637153,0.0,15.119653419634592,70.75856985050353,0.0,0.7591338579863651,20.283054232692766,5.813879268433472,651.0,9.800520933179865
5.0,548.1390895031043,21.2151711792393,4.641697380318385,0.0,6.799667338995888,72.69054445393024,0.0,0.5728106810612406,18.51985408052897,5.251100091268454,292.0,11.376828495859144
6.0,566.6537642254948,14.850619825467508,2.0231336702297584,1.0,16.355956572179295,79.04996085687652,0.0,0.6441458402268596,2.400953398691129,7.0478381063265925,388.0,34.2675557104191
25.0,140.6853484600809,20.40697418193494,1.918938370214495,0.0,15.119653419634592,62.86967355317776,0.0,0.7229339264694838,26.910686010329737,5.594368289218225,651.0,7.538862256292203
6.0,577.2564334105872,20.40697418193494,4.770776619728349,0.0,4.3354144335858305,47.09188095852624,0.0,0.5483224920939384,11.617113059291972,5.391117382537439,209.0,12.816065835696746
25.0,191.1389278881818,20.40697418193494,1.4975967669177601,0.0,15.119653419634592,80.49894180944656,0.0,0.6718281407985924,16.66911916903789,3.4895922333683194,651.0,15.831610738213628
6.0,574.2167106949709,20.40697418193494,5.566666123555689,0.0,4.3354144335858305,47.977369318430156,0.0,0.5483224920939384,13.20524369280121,5.3251737550365625,209.0,12.678995612855068
4.0,573.2131658749827,18.89160481198928,6.010016629424629,0.0,1.8210411300996359,47.25287884214514,0.0,0.4876343716097549,6.515087087073324,5.808459244255318,207.0,19.669576977780565
5.0,577.2564334105872,19.3967279353045,5.072655486090363,0.0,4.134932841281283,18.836752383410495,80.0,0.4375932898070071,5.877333840545993,5.9891267168604605,230.0,19.12129608641386
5.0,570.6097669941438,18.487506313337104,10.618105820680052,0.0,1.4117245458111853,14.892304234747614,60.0,0.4375932898070071,9.74136821656453,5.315237044043281,396.0,12.747530724275908
25.0,463.59407445105734,20.40697418193494,1.8428986032195314,0.0,15.119653419634592,80.49894180944656,0.0,0.764457377327083,18.782458358510812,5.791295834357829,651.0,11.445363607279981
6.0,558.5963174099376,13.133201206195755,2.1145400133449557,0.0,3.3162996727043828,68.1021047707918,20.0,0.6888634026888896,18.494844149292604,6.336008264262333,249.0,21.04027920619733
5.0,577.2564334105872,16.163939946087083,5.455332801084574,0.0,11.627932353663729,14.811805292938168,0.0,0.46527559037873994,10.729260500400983,5.534748023258528,274.0,16.37989162958033
3.0,565.9847343455026,19.295703310641457,2.2382657359130325,0.0,21.426470177548467,56.107762441184256,0.0,0.6185929473914139,17.969635593328917,5.30259032096092,173.0,15.077724512584407
7.0,577.2564334105872,19.3967279353045,2.476695513778597,0.0,8.094444289296087,64.15765662212891,0.0,0.6228517628639882,17.919615730856187,5.444414286955957,376.0,11.51389871870082
25.0,39.63274832561981,20.40697418193494,1.8189069166318115,0.0,15.119653419634592,80.49894180944656,0.0,0.7229339264694838,36.326925120821514,5.812072593707421,651.0,4.934528022300351
25.0,15.24224596155947,20.40697418193494,2.5583862152177756,0.0,15.119653419634592,70.75856985050353,0.0,0.7591338579863651,23.771939640165815,5.398344081441645,651.0,8.703959150446453
6.0,564.9666453976886,14.850619825467508,2.1433895207706852,1.0,16.355956572179295,75.58850635907034,0.0,0.6441458402268596,4.151648585236744,7.565450415340325,388.0,34.2675557104191
3.0,577.2564334105872,17.47726006670666,9.10851321046843,0.0,0.6181515762723534,28.738122225972425,85.0,0.4365285859388635,7.21536516169157,5.76600238819311,298.0,16.928172520947037
5.0,572.2387093106463,17.780333940695794,4.820941055320855,1.0,5.354529194467277,22.217707939407255,40.0,0.47592262906017563,5.202065697164113,6.166180840013499,239.0,22.685121880297448
25.0,577.2564334105872,20.40697418193494,2.799393612303508,0.0,15.119653419634592,45.64290000595621,0.0,0.6175282435232704,18.457329252438054,5.160766354965884,651.0,13.775557395588482
7.0,577.2564334105872,19.3967279353045,2.7745096729088066,0.0,8.094444289296087,58.683728579086555,0.0,0.6228517628639882,26.435497316838788,4.868988386708579,376.0,13.501416949905128
6.0,562.4359671559793,15.355742948782728,6.535355254335077,0.0,6.5741255476532725,69.1485910143146,12.5,0.5579048269072305,21.38349120709287,5.423637527606365,296.0,12.953136058538421
9.0,577.2564334105872,17.578284691369703,3.2439337885817574,0.0,5.179107801200799,65.04314498203283,0.0,0.5398048611487898,9.503773869819051,5.978286668504152,292.0,20.629068537672303
25.0,565.2138955707292,20.40697418193494,3.9573394773637114,0.0,15.119653419634592,41.778950799102766,0.0,0.620722355127701,13.230253624037577,5.701865435418284,651.0,14.5294436212177
7.0,577.2564334105872,19.3967279353045,2.361198344874903,0.0,8.094444289296087,43.46942857710115,0.0,0.6228517628639882,15.01846370743774,5.155346330787729,376.0,14.940654289742731
2.0,573.0677245967235,17.07316156805448,6.583536905912068,0.0,5.062160205689812,22.861699473882823,35.0,0.4662338238600692,15.543672263401424,5.154442993424704,289.0,11.719504052963336
25.0,577.2564334105872,20.40697418193494,1.8015575564960635,0.0,15.119653419634592,75.58850635907034,0.0,0.7878808624262416,28.61136133440262,5.083079341745672,651.0,8.772494261867292
9.0,550.2770762935139,17.578284691369703,3.6398957564799126,0.0,5.179107801200799,54.81977937223311,0.0,0.5366107495443591,14.568284945183153,5.402860768256774,292.0,16.654032075263686
25.0,505.9611188079493,20.40697418193494,1.119876411962334,1.0,15.119653419634592,72.12705186126412,0.0,0.7112221839199045,11.104409468946473,5.3071070077760485,651.0,34.2675557104191
5.0,564.2248948785668,21.2151711792393,4.416353976955214,0.0,6.799667338995888,75.99100106811757,0.0,0.5728106810612406,16.006355991274194,5.867176172851989,292.0,12.61046050143423
5.0,382.16150275375634,21.417220428565386,2.3258056501979776,0.0,18.285591898110564,79.21095874049543,0.0,0.6643752137215875,21.64609548507471,5.2005131989390145,422.0,10.691477381650762
25.0,527.9809283363853,20.40697418193494,1.3333231112324213,0.0,15.119653419634592,75.10551270821364,0.0,0.7144162955243353,29.061540096657207,6.006290126757949,651.0,9.526380487496512
6.0,576.1510796958175,20.40697418193494,4.770776619728349,0.0,4.3354144335858305,30.026105294923568,0.0,0.5483224920939384,10.641725741073701,5.47332108257278,209.0,14.118232952692672
6.0,549.1280901952665,19.3967279353045,3.3488230630024503,0.0,4.978626208896252,49.42635027100019,0.0,0.5312872302036412,14.268165770346762,5.276393537433175,264.0,13.707022284167643
25.0,577.2564334105872,20.40697418193494,1.6881423108086602,0.0,15.119653419634592,77.2789841370687,0.0,0.7378397806234938,24.722317027147717,4.831951554824525,651.0,5.688414247929572
5.0,577.2564334105872,19.19467868597841,5.3542108162933575,0.0,4.059752244167078,26.9671455061646,25.0,0.45356384782916065,6.615126812018788,6.076750441073955,266.0,19.1898311978347
2.0,574.0858135445376,15.456767573445774,7.2443988182828996,0.0,2.48095970476877,16.743779896364888,90.0,0.4258815472574279,9.816398010273627,6.402855229126236,270.0,22.068305877509907
8.0,572.5732242506424,18.588530938000144,3.9873786551987496,0.0,1.8210411300996359,33.08506508368254,33.0,0.5025402257637649,8.665941173400794,6.53654915885404,207.0,24.741175222922596
25.0,5.308606656459166,20.40697418193494,2.045737408006618,0.0,15.119653419634592,56.83225291746927,0.0,0.6217870589958446,21.458521000801966,5.027072425238079,651.0,8.01860803623807
3.0,577.2564334105872,18.18443243934797,3.4651133455123495,0.0,2.414132507333921,50.311838630904106,0.0,0.4737932213238885,7.740573717655255,6.699149884198669,261.0,22.753656991718287
2.0,577.2564334105872,21.2151711792393,2.4834369794313442,0.0,9.96560581747186,65.04314498203283,0.0,0.6100753164462653,9.853912907128175,5.447124299045035,258.0,8.155678259079748
6.0,571.438782280221,15.254718324119684,8.25314018617567,0.0,1.1026487576750088,32.60207143282586,100.0,0.4375932898070071,4.939461419182271,6.157147466383242,241.0,21.657095208984877
25.0,574.9002847027888,20.40697418193494,3.381241581656105,0.0,15.119653419634592,61.98418519327386,0.0,0.5664224578523791,8.765980898346257,6.378465120324542,651.0,17.13377785520955
5.0,574.8421081914852,18.790580187326235,3.633451708429492,1.0,8.846250260438138,71.32206244316966,0.0,0.5206401915222055,29.986907552402748,4.881635109790939,262.0,13.227276504221775
6.0,574.6530345297483,14.850619825467508,2.4011514427875116,0.0,16.355956572179295,73.89802858107194,0.0,0.6441458402268596,14.55577997956497,5.288136923152509,388.0,15.557470292530274
8.0,548.4154279317967,19.295703310641457,7.333029263776377,0.0,4.895092212102691,7.164405821040745,22.0,0.4588873671698785,4.489282656927684,5.815685943159523,315.0,16.996707632367876
6.0,577.2564334105872,20.40697418193494,4.770776619728349,0.0,4.3354144335858305,36.54651958148874,0.0,0.5483224920939384,12.179836512110207,5.4064741177088775,209.0,13.02167116995926
25.0,74.05869888956185,20.40697418193494,2.4148326524945585,0.0,15.119653419634592,69.63158466517127,0.0,0.7591338579863651,22.67150266576571,5.894276293742761,651.0,9.663450710338187
2.0,577.2564334105872,21.2151711792393,2.148842176813349,0.0,9.96560581747186,73.25403704659638,0.0,0.6100753164462653,7.0528006086551915,6.301681444467356,258.0,16.37989162958033
5.0,562.6395849455421,21.2151711792393,4.459876086095747,0.0,6.799667338995888,23.586189950167846,0.0,0.5728106810612406,8.228267376764391,5.3613072495575915,292.0,15.831610738213628
6.0,577.2564334105872,14.850619825467508,1.3102236774516827,1.0,16.355956572179295,80.49894180944656,0.0,0.9273570691530492,33.53831778796671,4.880731772427914,388.0,9.18370493039232
25.0,570.2025314150181,20.40697418193494,1.1920497501270453,1.0,15.119653419634592,78.4864682642104,0.0,0.6718281407985924,3.7014698229821574,6.337814938988385,651.0,34.2675557104191
9.0,574.8421081914852,17.578284691369703,3.0217628396434084,1.0,5.179107801200799,73.49553387202471,0.0,0.5398048611487898,26.83565621662064,5.568171505690479,292.0,14.872119178321892
5.0,558.1018170638565,19.3967279353045,5.241786962613712,0.0,9.030025053383973,5.312930159423473,0.0,0.43972269754329424,8.403336895418951,5.7967158585359835,290.0,16.585496963842846
6.0,577.2564334105872,14.850619825467508,1.3996472365513661,0.0,16.355956572179295,80.49894180944656,0.0,0.9273570691530492,33.038119163239394,4.939448701024585,388.0,10.691477381650762
25.0,491.82422656115943,20.40697418193494,1.4874845684386384,0.0,15.119653419634592,62.62817672774943,0.0,0.7378397806234938,37.47738195769434,5.286330248426458,651.0,4.317712019512808
5.0,573.8240192436712,21.2151711792393,4.059948550166564,0.0,6.799667338995888,80.49894180944656,0.0,0.5728106810612406,24.85987164894773,5.251100091268454,292.0,9.93759115602154
25.0,479.17083535261287,20.40697418193494,1.5935635132686399,0.0,15.119653419634592,68.74609630526737,0.0,0.7378397806234938,34.23859586258495,4.9963589548952045,651.0,5.825484470771248
5.0,553.0113723247861,21.2151711792393,4.202510720882024,0.0,6.799667338995888,70.27557619964685,0.0,0.5728106810612406,14.980948810583191,6.028873560833592,292.0,14.392373398376025
4.0,573.9549163941043,18.89160481198928,6.010016629424629,0.0,1.8210411300996359,36.868515348726525,0.0,0.4876343716097549,3.6764598917457914,6.321554866453922,207.0,22.890727214559963
6.0,568.4717802037342,14.951644450130553,7.760418358320431,0.0,1.8711615281757727,38.156498417677675,70.0,0.4258815472574279,7.590514130237059,6.2068310213496565,343.0,16.996707632367876
3.0,577.2564334105872,18.18443243934797,3.4651133455123495,0.0,2.414132507333921,61.179195775179394,0.0,0.4737932213238885,5.264590525255028,7.289029182254458,261.0,26.52308811986439
6.0,567.9336474741754,15.355742948782728,6.424021931863963,0.0,2.873569489698508,21.171221695884448,45.0,0.46527559037873994,3.588925132418511,6.484155591798549,383.0,24.946780557185107
5.0,576.3837857410323,18.588530938000144,2.8096049499834055,0.0,8.269865682562566,72.7710433957397,0.0,0.5791989042701019,14.655819704510435,5.4408009375038535,289.0,13.295811615642613
5.0,554.5966822578108,18.790580187326235,4.202708999283575,1.0,8.846250260438138,47.574874609382924,0.0,0.5206401915222055,18.332279596256225,5.477837769387908,262.0,16.722567186684522
7.0,577.2564334105872,16.77008769406535,7.254213599159693,0.0,4.44400862941746,25.196168786356775,52.5,0.4312050665981457,8.928545451382636,5.608821687026635,278.0,15.900145849634464
5.0,577.2564334105872,16.26496457075013,6.554588259285563,0.0,2.815095691943015,14.32881164208149,80.0,0.42375213952114077,5.839818943691444,5.681992013431719,322.0,16.10575118389698
5.0,573.5185925593269,21.2151711792393,4.361728277327802,0.0,6.799667338995888,75.74950424268921,0.0,0.5728106810612406,20.38309395763823,5.351370538564309,292.0,10.691477381650762
5.0,573.154989363679,21.417220428565386,1.8338769359489426,0.0,18.285591898110564,79.21095874049543,0.0,0.6643752137215875,18.244744836928945,5.830139340967935,422.0,11.719504052963336
5.0,577.2564334105872,19.093654061315366,6.44206526640514,0.0,5.070513605369169,29.623610585876335,12.5,0.43546388207071995,16.3689999942015,5.053269208765824,330.0,11.925109387225849
6.0,573.7222103488898,21.11414655457625,2.6913318834579925,0.0,7.150510125528846,70.3560751414563,0.0,0.5536460114346562,16.806673790837902,5.543781396888784,369.0,13.227276504221775
5.0,441.29792649392886,21.2151711792393,4.416254837754438,0.0,6.799667338995888,68.98759313069571,0.0,0.5728106810612406,20.645698235620074,5.0577858955809525,292.0,9.526380487496512
5.0,577.2564334105872,16.972136943391437,6.75603911526179,0.0,4.711317419156855,17.226773547221566,21.0,0.46740499811502706,10.541686016128239,5.418217503428211,228.0,16.03721607247614
25.0,35.851275090881764,20.40697418193494,1.9804046746954307,0.0,15.119653419634592,48.0578682602396,0.0,0.6217870589958446,19.62029105492907,5.272780187981072,651.0,6.9905813649254975
5.0,571.9478267541281,18.790580187326235,3.8437259532747565,1.0,8.846250260438138,74.13952540650028,0.0,0.5206401915222055,21.59607562260198,5.3838906836332345,262.0,14.872119178321892
4.0,568.675397993297,17.98238319002188,2.962180179977211,0.0,2.054936321121607,72.28804974488301,0.0,0.519575487654062,17.481941934219783,5.062302582396081,178.0,18.093269415101286
6.0,571.1333555958768,21.11414655457625,2.4001600507797543,0.0,7.150510125528846,72.44904762850192,0.0,0.5536460114346562,15.418622607219595,5.570881517779556,369.0,13.775557395588482
3.0,572.3550623332536,18.18443243934797,3.4651133455123495,0.0,2.414132507333921,29.704109527685784,0.0,0.4737932213238885,4.464272725691318,7.064098178861056,261.0,30.018378802327135
5.0,568.2390741585195,18.588530938000144,3.9641800822172355,0.0,8.269865682562566,66.97511958545955,0.0,0.5791989042701019,22.92160197812937,5.342337164934051,289.0,12.199249832909203
7.0,492.5078005689774,17.98238319002188,2.4561736992180263,0.0,8.361753079035482,58.84472646270544,0.0,,19.220132155147216,5.304396995686972,417.0,13.981162729850995
6.0,572.1950769271687,13.133201206195755,2.0609057057253013,0.0,3.3162996727043828,76.07150000992701,20.0,0.6888634026888896,14.068086320455834,6.618752858889381,249.0,21.245884540459848
25.0,41.87254401081079,20.40697418193494,1.5405240408536391,0.0,15.119653419634592,80.49894180944656,0.0,0.635628209281711,42.979566829694846,4.180645316082988,651.0,12.267784944330039
7.0,542.1323647110012,16.77008769406535,6.97493847057454,0.0,4.11822604192257,42.58394021719723,30.0,0.4556932555654478,14.030571423601286,5.743418954117467,285.0,15.214794735426082
25.0,573.6640338375861,20.40697418193494,1.9099167029439064,0.0,15.119653419634592,78.08397355516317,0.0,0.7452927077004987,21.39599617271105,5.160766354965884,651.0,10.34880182454657
3.0,522.5559686573189,19.295703310641457,1.7420740360306421,0.0,21.426470177548467,76.95698836983091,0.0,0.6185929473914139,34.08853627516676,5.070432618663313,173.0,10.7600124930716
4.0,577.2564334105872,18.08340781468492,6.035297125622433,0.0,5.772199178435084,49.90934392185687,0.0,0.47698733292831924,20.2580443014564,5.06049590767003,218.0,13.295811615642613
4.0,577.2564334105872,21.316195803902342,7.2566920791790865,0.0,3.341359871742451,38.317496301296565,75.0,0.4365285859388635,18.507349114910788,5.318850393495383,454.0,12.953136058538421
5.0,577.2564334105872,16.163939946087083,6.26559748902439,0.0,11.627932353663729,46.68938624947901,0.0,0.46527559037873994,19.807865539201813,5.230323331918863,274.0,13.912627618430157
7.0,574.4203284845337,17.98238319002188,2.3331419510553797,0.0,8.361753079035482,74.78351694097587,0.0,0.5823930158745326,20.270549267074585,5.341433827571026,417.0,12.884600947117585
25.0,88.31194415895907,20.40697418193494,1.951257749667374,0.0,15.119653419634592,76.95698836983091,0.0,0.7229339264694838,30.111957208584574,5.763292376104032,651.0,6.51083558497963
5.0,577.2564334105872,18.588530938000144,3.9969951576739926,0.0,8.269865682562566,57.71774127737319,0.0,0.5791989042701019,19.932915195383643,5.2230966330146575,289.0,13.569952061325967
25.0,577.2564334105872,20.40697418193494,1.7132245286049126,0.0,15.119653419634592,79.61345344954266,0.0,0.7452927077004987,26.07285331391148,4.868988386708579,651.0,7.8815378133963945
3.0,577.2564334105872,12.729102707543579,7.246084184696087,0.0,1.2697167512621312,27.45013915702128,80.0,0.43014036273000217,5.102025972218649,6.582619364368352,314.0,22.822192103139123
5.0,575.4965939436514,18.588530938000144,3.571291429543127,0.0,8.269865682562566,70.27557619964685,0.0,0.5791989042701019,11.60460809367379,5.932216462989841,289.0,16.311356518159496
5.0,338.2964132307951,21.2151711792393,3.9556541109505248,0.0,6.799667338995888,66.00913228374618,0.0,0.5728106810612406,34.65125972798499,5.3748573100029775,292.0,9.046634707550643
4.0,569.1698983393782,18.790580187326235,3.8837781903881403,1.0,5.8139661768318645,49.50684921280964,20.0,0.4940225948186163,17.069278068819745,5.3477571891122055,208.0,14.18676806411351
4.0,575.9329177784289,18.68955556266319,4.389090696741896,0.0,3.7506764560309014,36.3050227560604,0.0,0.4780520367964628,16.08138578498329,5.433574238599648,232.0,15.420400069688597
7.0,572.0205473932576,17.98238319002188,2.7065993203774505,0.0,8.361753079035482,58.36173281184876,0.0,0.5823930158745326,15.055978604292287,5.5790115540467875,417.0,14.5294436212177
25.0,577.2564334105872,20.40697418193494,1.3049692998105704,0.0,15.119653419634592,78.8084640314482,0.0,0.7144162955243353,16.806673790837902,6.60610613580702,651.0,10.280266713125732
6.0,128.00286899588255,14.850619825467508,1.730474749539885,1.0,16.355956572179295,66.49212593460285,0.0,0.9273570691530492,18.782458358510812,5.557331457334171,388.0,10.691477381650762
8.0,557.9272875299455,16.26496457075013,5.4444274889992474,0.0,5.087220404727882,14.811805292938168,34.0,0.46101677490616566,10.84180519096463,5.867176172851989,314.0,18.093269415101286
25.0,568.2972506698233,20.40697418193494,2.4875016866631485,0.0,15.119653419634592,65.44563969108006,0.0,0.8198219784705486,15.843791438237815,5.521197962813142,651.0,15.488935181109436
7.0,575.6129469662587,19.3967279353045,2.3792416794160816,0.0,8.094444289296087,59.166722229943225,0.0,0.6228517628639882,18.882498083456277,5.030685774690181,376.0,11.993644498646688
6.0,574.3766961010559,18.89160481198928,4.2149031209789865,0.0,10.71741178861391,4.829936508566794,0.0,0.46527559037873994,8.47836668912805,5.666635278260281,383.0,16.51696185242201
6.0,511.73513755483776,14.850619825467508,1.5125667862348913,0.0,16.355956572179295,76.3934957771648,0.0,0.9273570691530492,26.823151251002457,5.055979220854901,388.0,10.554407158809084
5.0,577.2564334105872,16.972136943391437,6.75603911526179,0.0,4.711317419156855,16.985276721793227,21.0,0.46740499811502706,6.602621846400605,5.881629570660401,228.0,17.13377785520955
9.0,568.2099859028677,19.90185105861972,7.747530262219589,0.0,4.285294035509693,23.505691008358397,25.0,0.4823108522690371,8.578406414073514,5.55100809579299,269.0,15.968680961055304
6.0,466.89559146754016,14.850619825467508,1.7343411783701375,1.0,16.355956572179295,77.2789841370687,0.0,0.9273570691530492,18.90750801469264,5.536554697984579,388.0,11.650968941542496
5.0,577.2564334105872,19.3967279353045,5.072655486090363,0.0,4.134932841281283,22.2982068812167,80.0,0.4375932898070071,4.451767760073135,6.457055470907778,230.0,25.563596559972652
5.0,548.1390895031043,21.2151711792393,4.641697380318385,0.0,6.799667338995888,72.69054445393024,0.0,0.5728106810612406,18.51985408052897,5.251100091268454,292.0,11.376828495859144
25.0,560.079818448181,20.40697418193494,2.3478145527701835,0.0,15.119653419634592,73.89802858107194,0.0,0.7591338579863651,21.59607562260198,5.688315374972898,651.0,11.034152938754954
8.0,557.9272875299455,16.26496457075013,5.4444274889992474,0.0,5.087220404727882,14.811805292938168,34.0,0.46101677490616566,10.84180519096463,5.867176172851989,314.0,18.093269415101286
5.0,577.2564334105872,16.972136943391437,6.75603911526179,0.0,4.711317419156855,16.985276721793227,21.0,0.46740499811502706,6.602621846400605,5.881629570660401,228.0,17.13377785520955
4.0,557.5782284621234,18.08340781468492,5.671654537177157,0.0,5.772199178435084,5.312930159423473,0.0,0.47698733292831924,7.265385024164302,5.572688192505607,218.0,17.33938318947207
6.0,564.8502923750813,13.133201206195755,2.1213806181984793,0.0,3.3162996727043828,71.96605397764523,20.0,0.6888634026888896,9.07860503880083,6.793096969953342,249.0,29.53863302238127
25.0,516.7383175269528,20.40697418193494,2.334926456669342,0.0,15.119653419634592,79.04996085687652,0.0,0.7591338579863651,22.171304041038397,6.0117101509361035,651.0,10.417336935967407
2.0,577.2564334105872,19.90185105861972,8.716417671400528,0.0,1.0441749599195158,35.74153016339427,40.0,0.4567579594335914,7.477969439673413,5.862659486036861,320.0,15.69454051537195
6.0,577.2564334105872,19.80082643395668,4.501316272019991,0.0,6.1648089633648215,42.10094656634055,0.0,0.5248990069947799,9.003575245091735,5.804845894803216,272.0,16.311356518159496
5.0,561.1269956516469,18.790580187326235,3.9114380274045613,0.0,8.846250260438138,26.00115820445124,0.0,0.5206401915222055,11.72965774985562,5.758775689288904,262.0,19.25836630925554
5.0,561.0542750125172,21.417220428565386,2.307365758853697,0.0,18.285591898110564,78.8084640314482,0.0,0.6643752137215875,13.905521767419454,5.756065677199826,422.0,15.763075626792789
5.0,577.2564334105872,16.163939946087083,5.455332801084574,0.0,11.627932353663729,14.811805292938168,0.0,0.46527559037873994,10.729260500400983,5.534748023258528,274.0,16.37989162958033
8.0,561.5342312307724,19.295703310641457,8.830031195489484,0.0,4.895092212102691,5.473928043042366,22.0,0.4588873671698785,4.414252863218586,6.284518034569867,315.0,20.286392980568113
6.0,577.2564334105872,15.355742948782728,4.527389881824,0.0,2.873569489698508,31.314088363874713,45.0,0.46527559037873994,6.740176468200617,6.490478953339729,383.0,23.918753885872537
3.0,559.9780095533995,19.295703310641457,1.9757451322589725,0.0,21.426470177548467,71.16106455955077,0.0,0.6185929473914139,18.51985408052897,5.407377455071902,173.0,14.666513844059377
6.0,577.2564334105872,14.850619825467508,1.3996472365513661,0.0,16.355956572179295,80.49894180944656,0.0,0.9273570691530492,33.038119163239394,4.939448701024585,388.0,10.691477381650762
6.0,569.0099129332931,21.11414655457625,2.5231917989424013,0.0,7.150510125528846,73.41503493021527,0.0,0.5536460114346562,19.44522153627451,5.62688843428715,369.0,13.295811615642613
9.0,547.0628240439866,17.578284691369703,3.6398957564799126,0.0,5.179107801200799,61.903686251464414,0.0,0.5366107495443591,6.565106949546056,6.695536534746566,292.0,21.725630320405713
25.0,552.2405335500125,20.40697418193494,2.15181635283662,0.0,15.119653419634592,77.84247672973483,0.0,0.6537281750401518,22.546453009583885,5.587141590314019,651.0,10.00612626744238
4.0,575.9329177784289,18.68955556266319,4.389090696741896,0.0,3.7506764560309014,36.3050227560604,0.0,0.4780520367964628,16.08138578498329,5.433574238599648,232.0,15.420400069688597
5.0,552.7059456404418,21.2151711792393,4.423491999411064,0.0,6.799667338995888,68.02160582898235,0.0,0.5728106810612406,12.830094724255721,5.506744565004731,292.0,12.473390278592554
4.0,577.2564334105872,18.68955556266319,4.738258961873919,0.0,3.7506764560309014,38.63949206853435,0.0,0.4780520367964628,12.02977692469201,5.7714224123712645,232.0,16.37989162958033
3.0,570.4206933324068,12.729102707543579,7.246084184696087,0.0,1.2697167512621312,30.831094713018032,80.0,0.43014036273000217,8.278287239237121,6.570875978649018,314.0,23.713148551610022
6.0,562.4359671559793,15.355742948782728,6.535355254335077,0.0,6.5741255476532725,69.1485910143146,12.5,0.5579048269072305,21.38349120709287,5.423637527606365,296.0,12.953136058538421
4.0,574.4348726123595,18.790580187326235,3.8837781903881403,0.0,5.8139661768318645,47.25287884214514,20.0,0.4940225948186163,9.666338422855432,5.906019679462095,208.0,16.722567186684522
6.0,567.9481916020012,15.355742948782728,5.403978695082761,0.0,6.5741255476532725,31.394587305684162,12.5,0.5579048269072305,19.645300986165438,5.319753730858409,296.0,14.872119178321892
5.0,568.2390741585195,18.588530938000144,3.9641800822172355,0.0,8.269865682562566,66.97511958545955,0.0,0.5791989042701019,22.92160197812937,5.342337164934051,289.0,12.199249832909203
2.0,572.122356288039,15.759841447434907,6.166061731445585,0.0,2.4475461060513455,7.969395239135211,60.0,0.42694625112557144,6.289997705946031,6.142694068574831,250.0,21.314419651880684
3.0,577.2564334105872,17.98238319002188,3.392246032942208,0.0,2.8485092906604397,69.47058678155238,0.0,0.5206401915222055,6.87773109000063,6.329684902721152,255.0,16.17428629531782
7.0,565.3884251046401,17.98238319002188,2.237076065503724,0.0,8.361753079035482,67.78010900355402,0.0,0.5823930158745326,13.067689071001196,5.6494718683627925,417.0,-12.678995612855068
6.0,566.7992055037539,20.40697418193494,6.402806142897962,0.0,4.3354144335858305,30.670096829399142,0.0,0.5483224920939384,7.102820471127923,5.705478784870387,209.0,15.214794735426082
